-- phpMyAdmin SQL Dump
-- version 4.2.7.1
-- http://www.phpmyadmin.net
--
-- Servidor: 127.0.0.1
-- Tiempo de generación: 29-06-2017 a las 05:55:26
-- Versión del servidor: 5.5.39
-- Versión de PHP: 5.4.31

SET SQL_MODE = "NO_AUTO_VALUE_ON_ZERO";
SET time_zone = "+00:00";


/*!40101 SET @OLD_CHARACTER_SET_CLIENT=@@CHARACTER_SET_CLIENT */;
/*!40101 SET @OLD_CHARACTER_SET_RESULTS=@@CHARACTER_SET_RESULTS */;
/*!40101 SET @OLD_COLLATION_CONNECTION=@@COLLATION_CONNECTION */;
/*!40101 SET NAMES utf8 */;

--
-- Base de datos: `pventa6`
--

-- --------------------------------------------------------

--
-- Estructura de tabla para la tabla `tb_clientes`
--

CREATE TABLE IF NOT EXISTS `tb_clientes` (
`id` int(11) NOT NULL,
  `nombre` varchar(50) NOT NULL,
  `apellidoP` varchar(20) NOT NULL,
  `apellidoM` varchar(20) NOT NULL,
  `dirCalle` varchar(30) NOT NULL,
  `dirColonia` varchar(30) NOT NULL,
  `dirNumero` varchar(5) NOT NULL,
  `dirCP` varchar(5) NOT NULL,
  `dirMunicipio` varchar(30) NOT NULL,
  `dirEstado` varchar(30) NOT NULL,
  `telefono` varchar(10) NOT NULL
) ENGINE=InnoDB  DEFAULT CHARSET=latin1 AUTO_INCREMENT=2 ;

--
-- Volcado de datos para la tabla `tb_clientes`
--

INSERT INTO `tb_clientes` (`id`, `nombre`, `apellidoP`, `apellidoM`, `dirCalle`, `dirColonia`, `dirNumero`, `dirCP`, `dirMunicipio`, `dirEstado`, `telefono`) VALUES
(1, 'Cliente 1', 'Alonso', 'Ezquivel', 'Miguel Hidalgo', 'Las Palmas', '879', '96780', 'Coatzacoalcos', 'Veracruz', '9231016517');

-- --------------------------------------------------------

--
-- Estructura de tabla para la tabla `tb_config`
--

CREATE TABLE IF NOT EXISTS `tb_config` (
`id` int(11) NOT NULL,
  `tema` varchar(20) NOT NULL,
  `nombreEmpresa` varchar(50) NOT NULL,
  `logo` mediumblob,
  `impuesto` tinyint(1) NOT NULL DEFAULT '0',
  `nombreImpuesto` varchar(8) NOT NULL,
  `impuestoPorciento` decimal(4,2) NOT NULL,
  `monedaString` varchar(10) NOT NULL
) ENGINE=InnoDB  DEFAULT CHARSET=latin1 AUTO_INCREMENT=2 ;

--
-- Volcado de datos para la tabla `tb_config`
--

INSERT INTO `tb_config` (`id`, `tema`, `nombreEmpresa`, `logo`, `impuesto`, `nombreImpuesto`, `impuestoPorciento`, `monedaString`) VALUES
(1, 'skin-blue', 'Mi negocio', 0x89504e470d0a1a0a0000000d49484452000000cf000000d30806000000269547bf000000097048597300000b1300000b1301009a9c18000000206348524d00007a25000080830000f9ff000080e9000075300000ea6000003a980000176f925fc546000072204944415478daecbd77bc5dc95525bc76559d736e7859b1955b1dd4ea56e7dc763be06c6c83334e83670cc6c078306618c0268381f991c61fc3600c0c30c6191b8c6d8cb171ee645b9d73965a522bbc78e30955b5bf3faaceb9f73ebd24e9497a6adfb2ef4f2dbd77d339b56aefbdf6de6b1333a3bffaabbf8e7d89fe25e8affeea83a7bffaab0f9efeeaaf3e78faabbffae0e9affeeaaf3e78faabbffae0e9affeea83a7bffaeb8c5caa7f0956ceda7ef58f0b0091259b3cf9dd8fd8fe1559d98bfa15062b639d7fd59b485a0c022090d500ec03bb3fd9ee5f99bee5e9af45163387cc20ff370010e75ef57a6184e65459ecbff973fd53ae6f79fa0b00cebafa27a244b06a090a93805244918214003320458076dc46121bc5248748ca6aa6dba166fde81dffaf7fc3fae0f90105cd65afa17265f5c0c0c8aa8191b3d65e3ab07eddeb82b1a12bb95a5d9349218d315996a5ed8084a0766bbc75e0e0a7279edcfbd1f6d3071bd44e43c9a6f9c8dd1f4ffb57b20f9e1f9c0b7dc3cfa8e0bccd1b462ed8f5e7439bce7b8e08cb25a584302429b5c6324bb6cc6066844120495b234c6a22a164499288ebcdfade3d4f7cb1f6e4139fa5fbbff3a57561943efd9dbfee930a7df03c73d7b68bdf4cc1d9dbca1b2ebffa2fc2adeb5e311956c2a61c902c4349c4c89890b1b5448100118888d85a0e20a0580399c9141b0e49921410a135bceaf1ef7ff5a15b6f7bcba103fbd3e93b3fd9b7427df03cf356f08a5f2e6fbeec9af78d5c70c17b6c79b4dc32648888ac8eb51042e66936f2a08125b6d65a294918638c0020a594020c638cb1c658666653362191a5e6bd0f7ef2d0f76fff5375e4d09ef8d6bf98e85ff13e78cef8b5e18677882d3b2fbe72f4e25d7fab87d76c382c84688b8a34aa248988420565adb5c6b031c65822f2209182992d11c318632511492925ac31c618aba4944110a89aad59c0d86d2c45e9c8c481fddfffeedb66ee7be029d5aa1f79e4be8fb6fa77a00f9e336e0dffd02f85f1ea75bbb63ee7591f4d464737f3c0601936028cb5a156b66cc8004043cf644aa9201052109120862522c1cc6c8cb1411406c618abd9321191210233c380adb5d64672543133c75c332a4c834a98c9d68127f6ecdd7ddb7bedc3f77dbd626cadf9ed4ff4e3a13e78ce8c75d1f37e71cde8a597be6eec92cb3f70b81c9626c350b5a4126c422b1808b53251c6cccce048074208120c32c6b0d586898884104444d0d64029452c085a6bd6ce7d030b82b5964d1265524a7098488b0687a24d234810d52667c49103f73ff8b5afbf269aac4d84f5163df6c017fb37b80f9e95b9c42b7e6d78cd8e9daf3d6bd7e57f28874746ea4ddda2508560096258c900c00440304100201644c61810310921e0fe9b209484b55d068305dcfda12236f23f60666662b28062001600039a4958197262f6dd77fbff9dba7bf71fe0d081237cdbdf26fd3bd507cf8a596337be4b8e6eda7cd6e6cbaff97465d396cbc659d91963b50a074b9a181e3c900c025878f090c304c11803211c2072f09014b0d67640c279dd2ea1fb3e09e17f6e010f1e066098330332280b2d8638b676eaf0c1a7eff8fe3b8fdc7de7b7071ad3c9817bffb97fb3fbe039cd17ed8dbfb16afbd5cffeecd6f3ceb9b191411f6ec52d190e462aaa845a6b0bcb9016906c85371b0400c66341c05998d9e0016cd77f034208ffdfc2db9bdcf26867a9580090859dd2b0168049b35652ae8852454196746ceafbf73e70fff76e7e9b79f2c90760ade69bfb550a7df09ce275f60bdf2e2fbbecb25f4e2f7bf6af4c18a563ab334403d52488546a140ca41042080182b420c9bd317b0e1e62d1039edc556336c8b20ccc9cd3d710424008e581e480628cf3c224643778603dc684b436cdea69c099add8d40c9395c38a83bd8f3ffe9507bff18d379cf5d0fde1637bbe31ddbfa37df09cfcb8e6456f2fafbbf8393f3a74e90b3f44e5b06444465692b02cc81a01cd96080a01097216c7403240d01e341686002d004021d2c203843d78b4dffd1a699a16ae1b313c7804a494c57fa78eb483b40432b2b0542c24ac2024c81056ca484c9bb32cd32525844db3cc98cc8c55cae53d77ddf4ffa66ffaf67bf1f4e11adff319d3bfc37df02cfbda70cd0f8b0de76c5bbfeeeae7fc0bd6eed8b947ac231308d5d64d6b252912811014120b025b0151b86b4b038f10003383d9bb6a56238ee3ce07b05cb86ff983884025056686b404615561a92c09f73ed222d61964e42c9749da594905422941a6d9680fe8e9746396980337dff6c627bf7dd3cd8388d3271ffef73eb5dd07cff2acd1377f60f5ba4b6efc98dabaf3c6a62a29666688586459664738904208a141d05a8399bc6500c86410de3280dc7ed424600460c9f95581e9050fb1811002d6a488e318c21304ccc6c74845158203492972af0309997731006008b095d0c490518834d330c6208aca900cceb24c0bc33aaa54a376ad512f97a91cd7f61d79f26b5f7959f6e05d8ff09d1f8ffb77be0f9ee38f6b9ef53a3aff861ffa256c3cefadd9d8d95b0f07c3418d0217ca885800a0812ccfbf1029a520843bfdadd550b000670b8227b42e4e21e21ef0b0cdd06eb741c52db10e64b33e63aa24a494084921101db7cd3201ac602521b506422a4829a1b505b47b8f90a44d8dd5915096b96d4ba241eb5bf576fbd1fb3e72e8bbb7fce2f88107f9d0035fd7fd9dd007cfd2e39a17bf5b8e5e70cdcbd75ff2acff1b0fae1e720c992500a43825070545003094ba80dd7a50989c59f6606164b32eb2005881730a5a928f6bd8ff3c031181ad419aa660a3bdc5b1fee7bd9f35f33d8c792c240307264bce9219b6202810038a0310006924c8dfeb06198ea28899d9a6699ae932291518994e1c1a4f9f78f4d387bef9cd0f0c36ebe3b5dd7f9ff577461f3cf3aeb3aeff511addba7df5c6cb9ff36971d68e2b0ff100eaa5e192f3960af0783be036ed62e001e905c1c30227041e4d41efeb4bcfca058e956302d80a473818e7d829ab20bddbd714d681cd5a64596692d0da20b4a2ac6333549f9e5e57ab1dd9ffdd5b5fbff7a1bb1f3e7cfb27fb84421f3cb3bef80daf23acbf6ce3a62b9ff7ff55cebfe2951a8c244b8c54accadc14923bc10473004042786c68157b0be37e450be1c1d471b7004059403220ad80b40ad2bb6b71a861ad2de215c67ce0c19ce011fe758c6064b0b030602940a173d384943dbf2b18905615ee5d2c3d5b07466880403398d96641c9da48899a4eb4524a9a27f6ec3e78ebb77ed73e78cff7f89ebf3bd8874b1f3cd8fafc9fa075975ff0f6b10b9ef77bcdeafae1a7b80a43903290819096425d83ecba2c2b0d3cd09e38902e77646160c8fd3711412a55b8740a0184b7402e2eb3b06509ad35045b544821b28ef868412295b03a942c84c059993123d38727db0fdcfd87fbefb9ed2f268e3c1c4fdffdef7d3fff07113ce239efa9acb9e092ab876e78e9e7a4942a400a002414855052c650946519a4749b3ab2dd2561121a118ce88047f800fd68f93bb7f90980b4ce6d93ecdd37002cdc2626c11e9c664ef0149fbb40b1f0d6c478cbe3e21e2ba888751c8be7696d19b88252e9df970066814094006d606c1b441624ddebc02a0823010e2084b0b13006004732113c3d3179e4eefb7ffdc83db77f03b5238ff1f7ff4ef7c1f303009eeab5ef94a39bcf3eeba24b2ff930adde70c913d5b38683200803a46cad9586b5642928a1c05984150e1e05c7d26570c954962eff63e15e37cffb30b9c42a3c3b475240880026054221014a616d060bc7c40984905681ad82b5166dd20cc09454ca43ac6db5d69a5633e37b1ebaf59baf6aee7f6aa6dd9c495af77c86fbe079a67ec197fed2d896ebafff9fc33b2e7aeb7449854284548db5d6195bc3a4942a4982cbbb48722770969fec79804f0c9006711e3b13a455ce1db2d2d798759611c611094217277ef78a8c5c103c79b90ecd736b48643e0f4490d6c14b311520cd6fa9f520ca1401810442e7ce19637c6c14012c618c77e7282f4a35502084c259316d0dc73ad371a4482925cee21a1fb867f7c7f7df79cf7fb7070e4cf0ad7faffbe07906adf5cf7a87dc7ae9152fdb70f9d57f3b532e970f4271ad1296982506530b4181649264ad405e82268b62663a21f068d20b82a7e44ff6e3058fe5b8a8759316b0161086412ca04010c2c5370c475da712b09260fc17ac56abd05ac35801294208e13e0f7bb00006642cc878790441b082d054c4cccca3edc3ed8d251196eaadfad377dcf1debdbbbff75179e430ef7fe44ba60f9e33f90b3df797860776ecb864f3e557fcbfd286f55b67629b65b0244548a42d2443c8d9bb7dd65aec9a74fa6a8eefe7965d8c5280c76877c237674ee9b50a4a5507962266ea547333332c7abf07138148a1ac07b9dd6ea75435726048a8c691bdd37bbe7bd33b92fbeffa227ffdc3491f3c67d81ad9f556397cf639abb65ffdacbfe275ebae695707866a4aa80421c952a8c0926c9241814038bd07247b37f174838754e4890551c4483d2d1242f6821e9e7088cb08c3102dd4384e27b391c8d259c250fbf1876e1bbf73f7db1ebbf5a68974cfb76a7df09c095fe235bf5ade76cdb51f59bdfd9c57363261c281c152dc6263b5869225a98424ad350c5b9652120b5ea1e0990640a7ec731872a011e40805a11cc19037b31615119eb2b04e0618b174d47ad553e690040de64c64b09c591c3c7060cf57befe7c3cf4c8383ff0b1993e7856e05af7fc9f55ab77ecbc71c36597fc433c3038326d19a23c526a661a02650a9522b082d59d3667668653055881e0694ccfc20e9d74f0303308a2b04042080441e4dd38f62eac6fcaf3b1601a38cb5dc9e0afa78106c30616423246e29659576fb79a77defd6b076ebeed9ff4e4a1f127f77ebed507cf0a58f279bfb56af0fcedd79db36be79f066b566d396234731485228c44a31ef35058a1d000c25a1863580b4bb214220b812ccb50cac48a008ff08c80b50e3c5963fa68b8d049fb10605fd09a53dbf09628087cf98f90450cd71dc7b58296b3503a8031843297501515888c9124097345509ad56d6580a8d13a94ecbbe93b6f4defbbfb5f2ab5d434effc07db07cf695a97befadd836317bfe6ef68c3dae77029a8d60454bb5c5231401903a568009418c8d4808c612104590564b088a5cb6794b55ca1e0999a132d7472b00308d54390745524b9bc8f0a8a263ca28e8e423b6c3b0d0694a1540941a680362364e962214a209586b6753035787d126776ef13b71df9eeddaf9d7ef4919903f77d2aed83e7545a9b1ffdd5eaf08557fff6e88e8bde85e18172121b0e4850281471ea9acf04248c314c5290941246f89aaf80912409329ba1542a41b4f978b61a3a2a3627b6a56783071e3c4963bad8c2dc051d5af0d374feed583f11919a935dd4ecf23d5276ca7cbaad8f9521c0126c0ca02d222828e5e8ee344d9185402a002e0b584e019b61280a90345ae9c4634f7c75fa8e6ffc14c60f1ce46f7d44f7c17392d7e5eff8dd67adbae4fa4f656bcf5e778402d15444824208cb80b6505d197c21040c5b28a5d0ca5a48ade1b0e25a09129d4029853093c7091e146ecc82bfbdd825a51c3ce8054f73bae7c9279b3a200a0ab7adfb7bb1c89bf13a56484a5958212302584390440848426a140c5d10044894453d4b902a833012103040d28662e261265badef6b8cdff5bdf74edf71ffdf637ac2eebbfff3dc07cf725a9ae7fc8c2c6dbbf08af557def08fd50d9b37a5698a8c5b542e97a9612d0085d0b8f217653b01b01140acbac95520321a8105cabe3ba51e1e5bcc33fb1a2d069e255c76303b0bc6ec5a128494489b351419db53c0ba11cfcee3e4ef2ce7019b075765cc1106da950231b98a8a7aa47b2cd4402a5c9bb893c842337087c66092d8a190305e7b72e691bbbff36edc73d767f85b1f89fbe05986b5e3a53f1dacbfe2c6bf1c3cefd2371f0e0682294b1486215991a0d96cb21818a0d3099ea59fecb40078b8882388358490485b0dc09a53c656cf071ecc9143eefe2e891a801002834c3ec96aa189510b7b7be772f0b817566838070063d682db35ab2a31558336f303f77d7bcfcd5f7f1d1e7d7c66efa3dfcafae0398e255ef59b6bcae7ee7afbdaab2ffb3d482159b96d14a440a02384c6dd344d933d37db10cd6a4acbbf9c6b0950b61764cde0d48067816fea5d41ffba6cddf78a9b4715859e4af0748e1c9ef7006066b0f5c222518750003aede59c0b91f84a0562203440c96b6fcd0406411080b5813186c38a82e5363f7ddf3d5faadf7cf37be8a90307ec7d7fdfea8367096bc3556fa2353b2ebf74d595d77c2559bd69ec705909cd169a9c1f1d695180878860c4d4190e1eea8da572f0246db04e4ee1cd17c7049e8295b3ce354b9528b4e5a4942821f09dac0e3c997f6e0e9e48bbbf4f8a14440445c2b75468586ef3904ef58656ab7ee85b37bd74eac17b1f4ea70e35f63df679d307cf5c6ffeec9f55c1d9175cb7fefae77eb1b261fd50d397f227b5291e2895a9242370cab0065070b907ad35cbd0f4287076b34fd237a0754e7827f994378b01803ac6db7132c0e3dc36af9e03e7c2992c0167a7dff52ff23ee81c42ddd7a1621cc9d00e809424b42448112214126548944c6fccd40a2c52093443f7f7aa654810b24c8213c9812c53a954424616699a9a4a498bc97d0f3ef8f4cddf7a151e7f600f7ff723591f3c5d6bd70ffdb41cbee6399f1cde79d9abf7870334ae53e848921002439142da6a8353cb9188488a009c81c9cdab81819bb07eaac0d323be7e4cb1cdc28cdc51e0d119386dadc04dd2fbf752e62e601c1232a19009002ca140882c6180a2e2ba10d151e0a9180b180ba23222aa828d449aa69c916349051aa682863e47b26c3c7ccf97eefdd72fbea1513ba0ebf77dc5fc408367c38d6f11875ef89f3fba75ebd6d70e544b41d26cb11002e57299ac914813cbd65a846148a45c91628c0cac0452e9d89d922ef5b83d470b65d81ef0e4ee9c97a34560ecb282e778dd360217df820860636093c6e9df1444735adb222dc5ca2b9afa7f20edca798485254004cabb730a01424812004b27c5c50a2907be7f2a85800609973325292028446298898893248e2b6124874da20fdc7dd71feddd7dc7e75463f2beecb60fa53f70e0b9ee2dbf72ee85175ef82fb79ef3bc1d5a6b5212144905ad35b22c634111025526224296656c6020a5a44c5a64b048a58b0da22c7a0680a737194a00982d6c5c5f51e0e999ce50682e04f9e6f17d4399f704ac9b0001f67150809022481220a8023c4694fceb254e39c8c740160ca3092cf38e5ec1926107d256b61a6cf5e1f1470ede77c7cf1ebef3cbb71cbcf35fed331e3c6baeff5935be61c3a6b5d7dff8a9d5e75e7e55a3d1e090b26272c089e74c4e4d0cb0c4dff4f6847a68810e98f37f9d451874f972363e8595fcf678efbd58921b9b5f372104945245a235f179a4fcaa14048f7f9e31596fcce57e6689c82a2633333d7168ff37bff1ae81fbefdd5dbffbaf0f3f23c1b3f9dab78ad18d176c1f7dee73bf30bd6addb6434928868787039bd44f3866389960988b9e3d21366dcee2193a1a3c60d8f633033cb32b17bacb7c10557cb39da7be69f6734def3de8bafed2c20ab25990c4ede8cb5f7af6638f7df7fe89ef7f929f31e0d970ed7f56092a17aa2b2f3a67c3e557ff1f3530369670202da4484cd6359de9f8c0f34cd65db0ed99671c78ba47a610114458f255dc54b43af899ab85a59afd3af96b490b4424b99471aacc78f3893b6ffb9983f7ddfab552ab3ed9beed9fcc190d9e4dd7bf85d2540c9e7bd1d59784575ffc37c9c8ea4d2dab828c22c5a4608889e700cb5cf98493e9d3af54709e4af0b0b127053cf9e6efdef4ddcb78551fe95d39f2d25806dc03b4eefb91ffbbb480348c303176306c9a6124e943777efbe7f7dcf4ad8f6da8a51042a48f3df0c5ec8c04cfaaeb7e72addd79f1b6cdcffea12f06d575c307da3356544b91520ae599290e828062a18e99e9e9bdebe21483e7e4c5a6b32ba36dfb141006456ed69e92436af6f5b446146324a59420dfc19a83a8bb35225709ea0694f42d253511636030e0ea4cadfdf8d7befa82e9ef7eb7b54ae9c7145aeda7effefc49271496b52b6cf3556fa0c1c1417bd96597fd3d330bad3555abd5486b37eaa252a99031864ff7a96fad5df071caccfe5cb401cff5e0e57d7497069da4eb9bab93cebe9fcc5cc43e5e2bdbb53164198c31f3ee81d931549aa608c310d3d3d3104244575f7df567b66ddb166759066bed29e9765c36cb73c1e56f2e1d58b75aacbae659ff4b5f71c53bb2b8cc23714928a5682a4aa1758211d3662925192b4f2be68f9530b06ce6b115c70f9ab95ec502a78e30608099ed5c1fe7641f60cab764140fe12d8f1f1fc9c2179c92e8b15eec47b4b495451886485b8c4805a024e661461ad79f78eabe4f7ce4aa8d87272a245b079f7af0e44a032f0b42775ef946b2d6960607074776ecd8f1367f7a8bfc7431c6e45425a5697adaa3fdeee075aec7e23ecff13f045c131ccdf1703b1aa7e6e1e20b6666eb1f3c5f8c72cc9baa7b8add1cd7d418d389617c612933436b8d2449a0b5f643c3f8a8fb955bb6344d3bec1d4052ca70686868d3b64b2e79bef720d4c9de476a7936e348d050c165e6475ef4cf0f0452a98c28b48604c70c060f6516c88054104145cb60ed4e6d95062dd3494ce4fa42e9e8f0c31dff7c72dda9a34f4e3bfb44a0050ce3d2634e4f44d03cf6ba7350080f10eb7339026eba640af61258411040a9005208186b5d9c56ca60010cb724d85a3002d40d48ab7210dc78dd475bbbefbd48cfec9700b2937bfd96611963e4a64d9b1a611896851012a7523fe954f93838b158c101a7f0978a07f90773b7e5e153f398ff8bae8cabeead51b7255a84951500d4b66ddbcac698d2194118eca90c54da575df53eab56ab94ca544e050fa6192bb4a1d086150959a14999809509f89907a6b9c0d5f93bf947feef73fdaff779cbb6fb5c672a5bb035ee6134d81aa7d1cbf9834f298098f2aa02dbb13a00045b08b6505e839bd8804d86346d23cb62b0cd20c822d48c503358b421a80dc519a44d91524429c6145f7bf5a76786879beb77de78525db76579f1288ab07af5ea0bc7ad25b6e6a883cdc926337e70c699f03cffb2f4ef4f7c82a0013b1787ad6bb0cbc1e2cd200b0926300949942b83aeb052a93c06b3b362a9450820b16ad5aa7306c6c6c26c662f908fac5889e0d979f1cf50edfaf3e5e4c840546d91df2104436ea47aef8963bdfb7ba220a24536ce7c1b954ecb26e12e30e481052f145f15bfc447fb7e452533f57edfee9f79c0b0d1609d81b3046c32c08ddb0148825400560a14442c54482455f7eb2e2cc6432746e75beff08879ee6a0e17e1ed34e0ba516109b040297185c149d002a4468400e008d2540100074a2ad4175ff88ee4913b3e0da0b962c1c3cc58b57efd3666e65c9d7f016cd0321f4dddbcab7f6f373680d9f67e0e72012984f07f11a0a24a884e3aa07841bb34c777e285beef1cc09a0d1cadc1690c1b37609336386d8375861f3e7f3d5e7ad93958335c0548481212f71f6ef21fdc3dc92455de1fe14d575e75c6feffb3e3a5450e28f2f408e198afb363d73aaf98e78d8c31508b643ad234c5a64d9b7e6a2fd1a7d69d73a53af4d86ebd22c1d30a246d1c59bb31331ce85090cec06389fb76e355d777bba66519001d1c7027cac089b2d54570cdde7f376063c05603c6ccf2e9b9b8910e301290caff294152b99358d0bc37f78c613ff2bc89f1c069d5609a3330cd69d8761d178f55f15b3ff6fca3beda396b07a999b1fdb307679884ccaf2f83416c9dcbc7d60256fbcb6e3bc4c76ccbe85f9648381f43480722a1fc9fd2937504eb7fff28e970b20051617938777a1930c622c05a475485aeeb36931ec7a60c00882921ac5abf15a5caf4a107bea657b2e551e5727953ca1c79e60d385aba8896cfd2b073ddad7680d169e1967096023af341b1f7f301bc7cdb2a4fc04a40589064ec69a678b0c5a02002a900900a106a41109d11b1963580d6b0490ba635033d7304a6360ed39cc14b6efca1799f5955f031912f91b196610db34e89b3cc5d6793014677acfa7ce0290a3e65e7b092014829b0546015ba7f5f84199fab3a61492c9810c44c2a0cc393aaa672e2e0199ecea6cb6bcf25a6928a338ea4a41639d352f6a538899f53985b1c3a6ed0b03bfd8c76804963d83406276dd8b40d4e637096e24d176dc00d3bb663c7e6b5181baccefbb271a6f1f0a106bebbbf817fdd1fe3885180f2560962565cc15da77bb7cbe2dd0ba2d31653f55c2a6b6075024e5ab0cd1a4c6d027afa086c631adb37ae99f779876a6d08cb2041b0d630dc61643969099bb4c8b97e09d68784575dbc05d7edd88c72142ee89c537e0811e1fe03d368668cef3dddc4ad534d900a405239cb3febb0127958ccf926a50e950f46bb3409228552527693ef4803d090c2a92a696608b1410e5682604513069e77bf0040e44f075e56ab9303c71817fcea149cb661db4dd8b8e97cfa7603eba4c14f3d67175e72edc528cd775367ad52a070c9a6115cb269046fcd0cbef2c824feee91268e588044d747ef760fad05bae5a188c04281a4f427ade8f4559f06760ad682750a9bb4615a3598e6344c630ab63e852d1b37ccfbdcfb0fd7c95a22c116b086394bd9b61bb0cd6936cd1a6cbb4e366ee2033ffb3a5cbae3ec63fe6ce79ee58412df0460aa99e03b8f8ee3ffde3f892306cea59b75e82c03337bd26fc07250d58288ce0510cc6edd651f70ced5d27b2c790ab6069c25b0490c8e1bb0ed3a4cb306db9c8169d6f05bafbc0e2fbde13294a2e8b8bf44299078e5856bf0ec6d23f8b3dd47f09509edfc736690cddd43ef22eaccb92ede97a72004a9101444735bae53b5ac758c5a96c1a66d77b8b4dde162e326362d009e5b0ed621aa43ce726509d9b849a6390d3373047a6602b6398d1fbde4ece302ceec355a8df0ca4b37e28a2da3f8f5ff781c0fb6331f7bceed2ecf57287af43f1a4f34b893ef648f615a0ecb238968ed71036431e0e4c16fd2720170631aa63e05539fc2c54312fff37fbc091bd7af5db60b325a09f0eb376ec0de7fdb8787626f6d74e6debfdd808d5be034c6ba90f093d79f8f0b37ad760c9e9bc78e2f3cd6c0670f66204938a5544361a1b5077aec18b6a40dce12bce145cf99f7a98f1e98041339b798fcf78d5bee70aa4dc24c1f26d398c28fbfea9dcbfa91378e56f0e73fb213effff223b8755a775cb845f6512edb55fc1ecdeb119dd42596e935caf917e9fad2b41cc0b1690cd36ec0d426a1a70e438fef4776641f6e5cadf057bffc93cb0a9ceef5235bcbded2a4b07113a6310d3d75087a7c3fd2437bf01397adc7abae3e0fe79e358a73d70de3dcb50338777505efb9762dae19924b507b3f196481055b5d90279c7582fc9d3bce9ff7997bc66b9deae59ce24e9a308d197f504dc2d426b069e359cbfea94b81c4075e721e2ea8089fd49d3f993ebb7095789e643259300c9f09e0212c675fd06c8bd36ec0d627a1a70f434f1c40367e00cf5d5fc61fbef71d2897a293766176ae2eb9d8218d615b7598da38f4d42164479e4276f8495c75fee605dc27efd6e594eeb1953b2f0e92791e6c0d60b24e623477318dc639dbe777b71e3b5267f66d025667b059021bb7605a7598e60c99660d576c5d8f72e9e4948b9502899fbc6cadbbe76c7bdb1566b5612f29ee5bbeb8e9e4b86d5baff931daf3dd4ff03c1f928e1b387e13b0b7380e3847a0a70ec24c1dc273b78ce10fffc74f2fe946b6e318b7df7917eebafb5e3cb5ff40919b181e1cc015975d8a1b6f7cf6bcafb377b2e94fef18a65d77966ffa30ccf41198c6f48216efd6c32d8872d5b972c76341e6f8cf797ea3a85660cb9e69d3b059ea1e3a2d6ad9b66ed932ef3b3e70a4e91912477573963a772f69c2264d7016e3f28b76ccfbfcc9c9297cf3dbdf9ef5015d7666ddda35d879c105181b1b5bf05b5fb77d152eb8e3101e8c7d1de0426e1759f44e309a1340bc22c173f6756fa685d8b7e3ffcc9e55cb1c5b649b33d033eec4d75387b0016dfcd1afbc7b51e0b4e318fff82fff8adff99b4f14652bccd69fc82958a7c0a73f872dab47f1733ff50ebcf4252f3eea351f3b520767316ce2ac9f694cc37a17e6b5d75e3c7ffc70a8e66bc98ccb1d31e6a6afe76b3fb09da460cf66e8c9ec13209c8a9ad383f02e9bf1859f26ebb23a19600d366dda38ef67bee97013b23aecae938f996c16c3a631e5eedf8e73cf99f7f97bf7edc72ffee95fb9efe85d4768ff39bce57bd75b5e8f9f7bf77f45b95c9ef7755eb475100f3e30032c4fbc6871920b5c8f0b3cddadcad65aee2e15b7d612cf0afa964426b02b6474a75e0b2607cef461e8a983d05387f0e77ffcab8b02e791c79ec0cffcde9f615f23815ab5a1389af30d65131f48a7319e9a6ee217fee083f8ca776ec3fbdefb6e6c3a6bbdcbffa41a7f75e71e8084034e73da67ea67605a35ec3c67ebfcf1c39169d8b8014809c1d6cdf5ecae60c8b3e5790584352e50cf35df740226f2130cb8532d612dac77038b3223218bcc3df2aa69ab3bf14e9602c6e08d2f7dc10264c14487e9624fc39b0cc85240a760edc077d14517cefb1a4fec3f0835b2d6d1f6d6baef90262ea590b4812cc1873efa690c0e0ee2677ffa5df3beceda6a00f253e916b23c222f8028f695afa164596c2521049fec96fae52ad9e6133f2a5c029475274037b50998e9c3303347f0ab6ffa619c7fcef6055fe1e6dd77e127ffec6310a51104ebca2015ba4de6731f7c147ddb02d8e2abf73e8eaffdd75fc77bdef823b8f4c21df8c057ee833512b006b65587ad4fc3366bb071139cc6d87ef6b6f9e387fd87615b4ec483b30a84a7af5d0583ecc4743a2bf2562e6beff5aa93b62f6d214fd3bb0ded2c88057b5d6ba8c0d1e32a741512dd74ba4edd06b6ce65dbb9e3bc05c8823a40d2896e58036b32eff625b099030f5b83cd9b36cdfb1abb1fdd0fb56693a3f6bb63d556cd1d40eeb4c01ffec55fe3bfbcfdc7e7b53e5bc7ca30c6404a9ea3666716dbb6f0bf314ea66acb328287bd7349b303b5f9fe3c8a21e13cce49c1ed26b85987ad4fc2d626606a13d818115ef7233fbcb0c579f229fcd45f7f01c19a2d10e5415058769b8a84af7dd31e3ceea6dac68c0383ce002120a20afefc6b77407e7f0f44791010d259aa560dbb86155efff257b98d6e35765e30bfff7ff1c651bc6fb8ea4b7e4277aacb009f7bb28187daaefd183a2b2a226cd27216822d7e6ce7069cbb7a6d51ad70fb9ec3f8c243870a576a7d49e2a79e7b31b6ad1bc38ecd6b510a034c35123c74a8862f3f78185f7c74da81274d7a4a95ced9be7d41b28094f2eeb6cb13d9229fe5beef55179cb3a0bbb57b3c41b0660b482ab0c969ee691815f8c4ad03251b8da79eda87f3cf3f6fdef393ac81653befeca0a33db3ae7d659dd5124c100c10ac3c132ccf09d2d35c94dcd8b8e9dc244f8fdac60c7efbd77f6e41776d72a686fff6d75f44b06633447504a2540585114806bd6e5b9ab800b85d87a90cc3b61be02c01d8ba5291a0e4dca376c36dd8a48dfff1922bf1d657be60c9dfe4fa5d73c706afbc680dfef4a67df8c7276bbe68b30ed39c816dd7619336fef035cfc20bafdad9f39c575d750eaa9ff8323e72f3ddf8ed573f072fbde1f2a3aa274607225c37b006d79db306d3ff30896f4e24c5c667ed4a99964616c0c5692673ee5a6e758cc615175f34ffb5af3571480e4156dd81c13a03c50d77f8580391b461931690b43befb350cceb3b6b4ff034b700ec8a65dbe6e04ebb621a3a966feafc64e3b3e2adbacb2dd426611ad3b87cd32a3cebba6b167c893ffdcc3770381a811a5c05511902852597f5f715bdb00c664744886c00b63c08aa0c81e3964b26eacc4d76665f0214fbd29f560daf7dd1cf2ddbc5be7e43059f7ae06970dc84ae4fb882cdfa146cbb81175ef513733ee7bc55157ce97d3fbea47cd6f3ce5b83afdffb8073b9740a3629d8da05c982ef1c6c405487dd84069dc1142e5b42f97539ffbc73e77dfe53e33310d56188f240073c52b9eaf6b4e5ee850a7c2b08b079f3a6055dc83cd7b310eb440b50d179d294f9e44b881d1778e6c8def209612f2ff48c5bb0ed1a4c63aa28a37ff77f5938ab7dcb3d8fe05f0fc490236b21ab2310a501501000427518296fd2116a705686882ab0a56aa7b834a765db0dd876d35984c6345e7de58e65cd2535dbaebcc8b46a309e4534b5093cffbcf9cb665e72e3d54bceaf1c9c98768741963897cd1afcd8cbe6b79a8f1c9870b158de78674d27c1ea696e58835d0b90054f8e3720ca0310a501404a40f8e7051120034f983819a96b76ed5cd0fd3b546b2fa9a4a953243a6f2ddc32c4e0a7963038aebc4ea7ff2477d96a2e386f35b06920c215975dbae04bfcc5b71e841c5a053930ea4ebf203aaa52d78913097f7315a002c8207256268d4141d38d2149634758b4dd0647da5ed68bfdf8a16957eddcaec3e684c8cc382eda7ac5bccf3996c4e47d7b9e7671639678976d61b260ef781d22ef6dcae9f5bcf856672ee1ba085970fbbe6907c0bc37ca187417d47a6a11608b57bcf4450b7efeefed9bf60a3a4bdbf739a75088f1cc12083953c0d35b3641bda5f954fc39dba9cbf313993b31e3868b475a8ed97add2b5eb2e0e6b9e5fe27f0601a420e8f4296079c8b3047897bf1e6cc20456021c0528182082cddac199b7a9fdc5ab781d2361e7be28965bbd053f5363e7fdf5e97bf6a79d2a255836dcde0dcad9b4ff8f5276b4d7cf3b1fdde0d7565394baa2cf00c6051b5eec9821c3857ef3c77416b71fb9116841cf0d5e45cc44d45854396808dc6d6356378c5cb5f36efebc46986ef1cac4354476689731ddbde9b1d4aac38f03c79dbc78b0f26199a3d374f6c4020d8e2c4f113bf8c0b72856fadc87bd8c1d627e3daae7ecd773edab8014e5bb8e1daab17fc1c1fface23a072150823b094ced7b5c60365a1138b40246124c02ca1e212489461a504090be2048233ec7ef011fcf9873e8c17bdc0755f56ca9505e387871f79b4035472ef01a9b067bc8e2fde7b004f37dab0599eff68b9479a60db31826772720ae39393d8bc6953e1567ee9d67b0a4adb590d6749b66e993f27f5c0e13a4890cbe85b0d684716b8fc8ea3d017220be234c3a14443547cebbbd1e0b4e50ec1b8eeef631bd029fedb3bdeb96095c11d8f1f0409e9aba217defb948f2061e5f7553edc4cf80658b624259f3196e7987d4c4f14c0f87683b45594ce73d2c69691415c76e925f33e7dfff80cee6f13d47015620e576d91a0adf391856bcd766c5b080a2b50952a6cbb012429ffd15fff03fdd187ff16ac35def4ca97e2f73ff03b7303e7d1c7f0f29ffc799010a02082280f420ead821a590b35ba0ea23ce07e51bb6257db550170fe79e72de992b5e3181ffc3f1fc65fffcb5720ca03d8ba651b5e7cc3d5a869817f79709fa3fb0babe32cc78264c1a1aeca82bca0d475e62e8d2c3832e393a21a6057bd6d9a79eb770db65507272dbcf72dafc1ab7fe4558b1c840f8164c959b033642d2778961ca489023f165667a02c0192363869b94716e3c52f7cee82aff1cd07f64195aa90de555b2c2bdd8b72db952760b052e0a80c940641d561886404d46a316506c23238b18030b8faaa2be7678a7c969dbc3b28ca839083239043ab3c13151609c74ef65fe325d75db964e0fcc26ffe01be7ad743c56b3ead253e72fb13105105445e3d53673ebf63f0632f7be1826401cd491624454d1cac5e902cb87fcf416745f3fb99b43bc9edda046c7306bff6f6d7e36d3ff6ba85499ffb9fc4fd350d391874045a4e6cd9330d3c74cc582be29dc4b552c74d573a93a5b8e2d28b170e2e0fd44161099081ebe2a4e338b1bc2005a484084b10e501c8c111d8788683a1366098b43630da95b96c3f7b81f8e1e94904ab3739c22208214a5588ca1064751814961d48737d8522819961d7ce1d8bbb6953d3f8b50ffe15befec404d4aa0d0e9c5105a2320851aa0232706e16d85972efb22d48161c99e95c37eb65aabc56010ab7cf2e48163cfcd4d3308d19906ab94468dc846d4c633d2578f58baec21b5ff1628c8d8e2cf8dde224c507feed4e5030ec99bf656922a433093c7cccf460ceb2990c364d7a34085867d8b675cb82bef62d1329e4d080db00c77cad72f13feb054102404540651094a54c83354863a0db19a359072945ac095bb6cc1f9bdc3f1e2358b7d54d3d53a1232fc23244540248b8201c5c80c63d0cce5ba4e408007efd2f3e866f3ddd46b876732158e25edf59dd224f660dd8a42e6037d9626481631e01ff7cdd29eff1e0bb6a11b2e0cdcfbb1c3f7afdaeeed26eac1a1ec4d8c8d092efc4fffefccd38681564101531cf69637f4f13788eb90c967b6abc52079c1c3c8bc401fb26ea45054191083d818f4e420241c882cae0521522aa82a3a603813f0db7ae5bb360c07bf3342358b5a1c3f8a9c07d3e5fb29217691696d66fd06ddbb62ef8e9fef96b37e3db8763f7da51b9a86573653fca5544246db7774d5ecdbc04b2e048a3485ce68a3b1d9a3a5db4b2000036ae5b7d429be62f3ff70d7cfcc1c390c3ab7d2275d964ce4f491befe9cbf3e432b05d4a3879b07bf58e73167ceafd07668a8d795cc0a19c9df18d272498046095220e027058664b9284541052c18270fd9597cffb728f1e98801c5c05591deae49948f8cdc0409257529b9e0635b666c1436272a68edffcd7dba146d743940721c2929771eab8a99c26a0cc5512a02836752ed7826d08071b1003a3c74d169ce8fad067bf8abfbcf300d4f06a50e0aa104888334af26b392dcf31316dc8955ebae8d57c536ddfba69c1a71f6a24ced53ab1e0b2237be90b3173d22108028a5d952eb9962ac6350b8067cf4403b232e093b461e1b713c87d37b0ff8e8967d99c6bb51859f0e96fec861c5a0d39305294bf509eb107799147edd50075710d6135deb80059f0e88109dfca70345990df83c5c882e3ce474dd7f0a79ff812beb0b70e39b2c67daf305a4eab73e680e74494715cdbb0e9344e154a9f0b3ff5403deb92cda5e3014daf32b8cf809365086ba1d30c642d8cce18d6006c71f6026d088f4fb4fde9198244d0a5f7667d51aa719bdb67ffe1adc34264419ca4f8f0ed4f410eaf76c4406e75a8ab2f287315c81ddd82046cb3c5db108ecc80a48080005b0dd21a94757a78482f4e161ceb6ac709befcad5bf1a1afecc661390035b41ab2340811944022f08a3754540a2c65dfcd5551c0bda27acf40cb934f4c605fb09983c818dfd8b4c87717beb9ecd87302f366df983d53a57371f4acf0fd596b6cd93c3f59f0c0780b10e19c4c91fb6eba3720f794f54264c177ee7ddc8126aaf83c56d02bcde4bb6367d7a3e531cfc264410d90ca6dc09ed6ed04566760ab17250b964aaf3ff4c863b8e5f67bf14fb7dd878336821c59039917f0461540baebb61c7bbe0b382bb7c2e08491c62ede20eb4e7bf29d92585824be976206f98ec2e3b8c89467a6b3e24f360cb0f6021a5ef8c3bb305bd78c2e4816dc72a40d355882a059f30fbce69bebcc4cc059ecfef48a360b9105773d35e95b2b4a9ec2a5a345010b96ccb98485cb6516ab2c6878d7cfbacf6612fffcc455172cd6863039896f7efb3b479f9b4478e8b127506b34f1f88123b8e3a9c3ae68b432ec725ec3631003a310954150a9ec9a0405f9a9089daa90a54c2bef919ec2d1cd707c0acaaa97053ccc6cf311f0bda3e0e769c3f6a6d9fa4e49f6530d78a96305b90b67c7d1b3c1b3feabf80c5ab3579e21c78eb9c0f9ba2be68f4d1e7d7a0a424aafdd36fbbad8ce4029dd2b0505b60b92059f78e830e4e0986714e708a4bdd5716e6fd6d57f9301bc085970a80159194621b6a28bcf4779dbf58e05c882bdfb0ee017fff4c3bee35500c20bb94bd7164e6109222c41adda00591e84a80e415487212bc38535a5203cda9a1e47b8304fc87066e5797a0142c7f30a4bfed5f3d754f195a9969f8070ecb8b185107d06c98064666b53089310eb364c96c01a5799ccd6e0c2f317881f265cbe8448ce9a23c28582276bdd511bf57994172f4016ec1f9f06a9a8a34f30dba561763d4a6696469b4fe6be7181368447f78fa3186665e76843f0addb0b6a16ec7b1a6a786d270693d29738050e1441091495214a1588d2806f59a83ad0e479b005144297290e3f63a86aeb0144c792e4ea08817b576c894f3d7bac0c7073f1acec6c81f6fccfdc48080b30b931349c6ff4cc176f7a37c86a6c5f207e78fc48d353c7b3ed5a3e952d734d694585b173ad2e5e802cd87ba4e6583ba9e6a16f7df5b2edd2efd649417f2f2a705834099aa3dd3eed72448b6916046b3602f9b4033f069e54e01e41e41e61d9258da3b24fee3ad014ef4f74c2209987301038133a49bb505ee852331676db68f634813c27e299a44f7ce1dff1fbbff35bf3bee7655bc6c0371d74f1c45ce51c47cdefb11d260f0c2b42404808a5c124218cebb1279382b298e05d36d7776f68eb02d50e0f8c3717250b90bb6d851a8dc6b90b90054f1ca9173d323ccff160d9c27a22c2ead4c7674b6843385c034b557c3e2772d82132b004b260f791182a2f45cae7ef7881937c944891cc55a14b18e76e1d2d3ec265b14d3f5fccd3c53a885331c273b9629ee3f87d37e6b6031cd1f57041e97c417a299078fbb943f8bb27e3aee629ea0a88e0e9dbae24ac4ec1d61298d928e73aac1b042632096bc86dc47c0316cd60ee14deb471fef8e1d6236dc881d21c004657409f7636a871738516220b1e3e52ef1c26f3099fe73a6d5d0c1e8c59521b425107e82974cc4a8e5e71f1ae0529f443a20a39e21a0f8bd60be12b358a993c5e164be4f12075eef971c6aa4bdc7f0b0ffd39dde0d97cf59b0411c108cd08a4cc85da84317ee0aa3f0d8a419ca6e36317d6c9fac961be2d404adfe9e900f5fdddbbf1e217cddf79f8b6ab36e28b8fdf8bc389ee2dd1c9c9876ec9593fbf0746034478d7d517e0e5579c4d1bc62af4e878136ff9b7472c8b0ca453d8cc306b90d516604d6f7ce9fcd5ddfb276a053140857c9428fa8ab8a7e032e902e4c264c1179f9c821c1899bfd8b5200bba28f0bc156111b2e03b87ea0559006b08a6539203e32ccf8e45340b5475a4e8da45310ccc1f6239507a3a429737b631c845427ca5081cd9947789110b66a34d7892c173c2cd13fe02d1ec7f5bf4e1012354081184ae564d85103e8bfed9cf7d7ec1f72d850a9f78c32ebc6415c1b6eb4517aa6dd7619b33b08d49d8fa04ccd441e8c903d0e3fbf1f2f50a1f7febb3c44fbcf022b161ac420070eeea2a6e180b016b1c656e3439aa3a61a3335e388f91ba82d6a4d59192f2756b3965dc9bdff164c1f50b9105beda59ccd38e9c93053d028739c5bc8866c1fe713f0b87bc906257f7685e326416260b1ed837012a5540a52aa85481082b105119228c0a06ad53732896ab4a7a412f67565870caca148e5b008488b0ffd64ff1961bdf5c34ad776eb6ed247430d7cc497f32150d6825970c0ccbb0ca550d7ff9a6efe2e1471e59f0842e850abff1b20bf1ec7bf7e21fbebf07f74d379dee9857acb47103bb06159e75e95978c155bb70deb64d735e58321ae4373bb4669b2490429075e539f3beffb91b573b613f6650963ae087255cbb6e08b78dc79deae963220b661c73059a5b92b7dbea649e28c81c70b0085990bf3688fc75ca5cef4ec102668b56163c72b8de1bf82f831b3fcf813cef6b12e75df5bd8401cda27b99c99c096c1b1dfb05f23a027ec389a80251ea50999031fef6efff1f7eff777f67d1d77ac1ae2d78c1ae2d98ac373131d3285439570d0f626c7870d1e7df7cb05624695d4b39086c89ad59544beba36fbb11df7bf400062a656c5b37864bb63989a8cfdffd347effdb8f742c4ed689a316250b7cec30ffac4edb29f9e9caef2c41b3c0bf6efe1abac3d6f9c36331b2e09ec30d4084c79d635bce787a2e901111f1921386a7053c76ce04cb5127c13c1fbf503d2109521138ac804b4e4fcd9606c0b153e6ffc417bf8257bcfc6578d60d372ce9538d0d56179c413ae766d83bceb016d291ed10ec62376d35b3358b1e0ce76d5e87f336af3beadf77aeab16a7ba2b7be950c90b9305354f166011b2a06be37bbd81c5c88203b5b8004f6ebd7ada10acc615972cac5970ff4c02512de5d3d74e3960e63ab13b568801960c627215063a0410afd89867ae24e9d21e00937009c6b0042a555dd97d65d0f9d381eb8b79ff6fff1ef6eddb7fd26ed4571ed89f6fd2824867109370ed089ff8e2578ef38ad80ecbd71d532cd286b0fb60c3e77616210bba875899ac48e82e44167cf1c9c9422380bb7b8bba58c0853edb534766ba9851ac9875ba629ee3024ff75673f2a886056c97663083ec1c808101c374b6a9cf0f88207299e8ea30647504b2eaca3828aa60eff834defa133f755200f4b16fdec99f7a78dc0a48164c6e8aa5902ca2d095dcb06b4af8ec3ffdf331bff69ec3335dd30a12af4c93e125d75f35ef73a6ea6d1c4ad9d1bdf391057cb4cb55081cbefc858b10119e2cf055e41d96ce336dbcb0c0e103fbc64152785ce76cd7a979309be2e1ea223bfbaab3df080c03010b014b2b123c4b603c8ee11348d7935faa3ae00c8eb9c6b28151c8ca104454c1de8919dcf8cad7e2dfbff2d565f9d28fecd987b7fdc9c7ed9f7cf70916814fe6052153cefa0525902a81c2884904f885dffafd6306ef17ee7ad23362a6b038cc16230bc4604f4dd441522eec121596c714ac5e3ea97b41b220af2ce8b23c28e8743fe57b31b2a0c83f89d36259baffbed8e354e47a8ecff274157f0a218ac25017e3da2550d5ec1f8090022208204b25c8ea20d4d028d4f02aa8e1d550c3ab210747212a4310a52adef52bbf8937bcededb8e9e65bd06e1f9b2b3b39358daf7ceb16bcf5fd7f625ffbc14fd9fb5a0c591a601144503264475284a05209a23a00aa0c40550649fa7cc67b7ff9fdb8e9e69b9766d1be7137beb36fcad5c573d7a82a12787ccf3eb4e3b93ffb67efdcdb194532df7d2f5a39ba62629f68bee5bbbbe78e55920cff76cf53eeb5bb5fd79fd8043f415a48dc7ec79df358ae697cf2818310248a59a0f9893ffb21fc8490e57a4850ef4312840024d83da48494d2a7981844247cfcbdb2a724f4581c3a661476ac4f5882c87d796b8b928f5c4cc3b6dd6c9cdb1f3f80fff40bef07acc54fbefe55d871deb9387bdb36542a95597e25e1be071ec2c12313f8f61df7e3ce4335c8811156c3ab204756430cf8690a41e41ad840a0a8cca25425591d868d5bcc5942600b1602bb1fdb87b7fdfcfbf092ebaec4ab5ff9726cdbbab5f80e440247a66a78e2d014befcd0113c90380a1e19fc77c819c532763fbe1f6fff99f7e0152f7e21068686414184a691f8f7c7a7f190a98202e57726e6208c6ca70e30d79bf379320e4bf8f7efdf8d37befd9d78c54b5fe45e5b85686a812f3f3a8107d2107260d8d799b2c39b2fa31161041195c0ba82fff40befc74fbefe47b0e3fcf3bd1643098f1e69e0938f4e1755dee204752396d272b0e8cfbb9ae18e2afbeaccc9a5150d1eeabec1967d8f63efc42e6651c44273329cce04b9993ad6d73c4bd951a129555cf2d38f71cf83efbff9e2d701fe5a6fee483895ce7c53b9eade01a85567410e8c400e8e02432310d52104aacc42ba3a37020151443003201d43e8048131ec0649456493165867f8eadd8fe0ab777db003eea8ec24a606c7a046d7418dac831ca880440026090eddfbcbca30600c4805b8e3c034eefad81721aac3cec28eae871a5d0f3914baa970907313addc95cd970128284194aae0ca10d85a900a71fbfe09dcf991cfb9cf34b4ca7fa6b510838300293727952c40fe1a95ca8ea8c95237e42a8bf1b75fbe09f4cd3b21ab23ce0b185def443a82d09319a7864d5b90eccd0b7d7cd2185d670dd3a999447edaf23cb39f4ebe585194aa1e040aa4a242ffccb66a6e1054dc82cd1297e3b0a62b919897f928b7b1c2a8933f2abbb278591982280fb2ad56484465082a15bdfc2c2500a7b7066bd8516e92298808955c3a36717102db4e097e54721b7560d4b516578721a2aa2b35ca24841e7080650ba800228d5dcb771015cf2b340a82926bc89b576ed6592492d269c3952b90e9b0ab8e50016c1a3bba3d2c39400c3af2854a15081582a4f09532e4d46ac212c8034711c146e59e615fa232083130062a0f161a793c578bc4ca5cb4222d4f3e057b2ef030b32bf5ef0aa868713beef685f7c9059117620f614b658852157660a4a8512bac8f0f943b7ebf287a4a445e161f9521c2b24fc09621a232288a9854006143e4450404860e144194608941823820c5262c33da4dc1490b36cfa7303b80abc0bd66d90b1c56861c4b18949c3b2114c0ce2f27154294071d3bc6ec3e635485a80cba26b152151484e0d47a0bc373c73b708d67b92a292c3be05406c15906c003332cbbcd5f198208ab3ede71253fec3f3b471508e32ad3292c43a4b14b960a01e1ad5a7ef05050f2b1985834417aa26ed9316bb791ed84f02cbb8e1a139c09966779cc36c31716868548ba50a1bfb12ed92872057f9f14ccbb6df3aec66eb7cd6d6edf47928b05ca805dc429c1b6eb0c75efcdcc0a222a11918064e796713583cde2821276e0a1425ad7754e967db35797de8090ae35db2b927275d89dec40d7733da0bdde9b108479f52373451e21dde1004090800d4b5efcc3f873c43398452f4d5e4e43c5cf5905ee6021011b84e052d51d48f9405d19b8f788dc7773848a7f8d13ac553bd963407c2c7466681874a611cfa6ab67f7f3d85ea2604e02c1d7740902a40029058425a094417695a1143d3a9d59edc594e80240b2230ee8fa4d042044a796b5f81c024600964050026c014902ca127318c25a86f0edc96c4c67237b8178a80022ef5b91b2c8e293dbdd90528283a833623e27493c99907f3e92124565d602074c5e53960389f2d72eaeafe81015d2bfbe98154791f055d11242054054f6969cbb648855476051489f603dfdd951f27a0547b7f7777a7ace180d83f92dcb3ccd708b9d3cb98e5aae902315c83a10e57993a3295b2ada019cf07ba7c18ef27297eeced585c04b82210908c02403673dfce8f70eb3d34574e4f913217b7b8b2415756a14445d311aba3e17f53e6f29d786d9598f1cc02a740c65f74192572908d1c91bf514510a57e1e1dd40d8b0277eecb417742aa31705f6290c66e6929ef22c1cf9a0d19eecc0ec84c0b3e5fa371094ecaecd71d388fde6e1a3865bf93ff9d8d24bee0457ee5a488015cf3db7329f8b03ea8065b6a563703eb945e71fd4578197745e0eee5c651d040260882ea9ac82e139eabdbac0c95d44086ca1099d932273878be2182f880300a4583caea4f95cc08e158354c7f6fcd3b88cef242d8093b3b970b821124c446088f48cb23c4b196d775c0163d7897eb2ef25f77c40f249c4f97628cf11d4cfb7f116fae0c771482ec78558ae8bc9f35c87b926f49d244f877a8524ccc906f1b2aae7d05c89d3b9dcb645c7a79c18f830cb6d9cb54379cef75af0a61eab44cfb103818e053ea771a32ef479d8ababba6ede2e173d170921d1b1da271af374ca70ba46a016fb8ccf18c260d9d8b613be81b97e81297a7ae68b1bc927553b2dc3a270f578099670a900e980828f024837afc64b0568cf46f5d251dd8d625e047eae38e7a401c70bade45db3450eae88c91c71c10b34d09d8897d3ad0798df2b3e050a20cb0b1eebbe8cc562968796175c1e38bdd2b69e1df3813e8a7e03766fef027d9e9751ea0e44976c13ba32ddd4ab46d53dcc98f968f41078f138bc0b3879639debc331055dcf5efe09792bf4290010e7125b69ec12d969e244e84150ab374054879da46eda9edf4a1ef3e13b7f59d8a99a8a7d52629e53cf6672a129cd59ec6e5e1617aaffc837546148bcd5918a880314595266660ae6b9f07c4c61caecd2b45e60e4379e8a9f2df59271a13bd01136712aa10c5119841a5ee5beabd7a03bc9b5919d090d590adb6ef881cc4dd7e24002a5f3baa64bf8b2aac53ed3091a0d3e69decd4901cf2ce68bf8f863e0e3796fcea7cc65b11bedd79c816d37c0690c0a2354765ed7bda7e7bd736cb4656b0ce42c76e0986e041fc3773f8e0be487f6daa4e5bf671d367553e7aadb76b9711d9e30e4da64a773f4a45d7b6f7592366cbb0e539f846dce807506b5b6571cdfa66d6f0d4fec339167348577d3f41c01b89bce7ed48fcefc9867491767c9279357cfd4196cdc84a94f39d59cc6346cab8ef205d71c5bdc6e8da3d8bbe24dcafd2b9a8f40381a308c8526da1f4d0f70c7b4ccfbfb9df18709386ec034a760ea53e0a4ed7e2b078e7f1d3659a1e639f727597a9cc5e0a3c52a0b306bd8b4ed2c4f631aa63105d629c2cdbd42279cc66e32c232ed91d9fb64d6df69452b86323384fb12d4cdaeccfed0b3d573c462318fe5a5737116ce5d4b5370dc0237a66166c6dd34e6561da2d2998fc93a859999f02583827bca79a4828d9b86406e164ef75b107706561562845e9f8ebd70486f6cd543adbb104a1cddbedc6db17dde288f5f3a3fb7b35cb6d42903256dd8967393386e02ccd0d387a146d682ad81993ae846251201927bc7b1f8846acf7b15e44947ffae205cf20916796eab987a072fe8d8864d5b30ed3a4c6b06b63503d629c4e068cfb5679d82c3c8ebf8d1920fcfc51a2d698e584788933f937e59c72a2e3550e365558bb4dee78ec1710ba6552b4e3fdb6a20587556f1bbf19efbd1b8e973165241042516a52ac4c008e4e018cb815188ca005358720289453042bee8c0834ca89e718edd244577ad5db1c9f26a6fe1f41a723d36ce37e4ac721dce52af23cdbeb7299709f616207791e2969b1ede6eb83f9931f3d57f801a5ce567e08cb94255061018f7d95d60d7d193b3daddbabca4293f18181d01f8fc7b595b541d38495d57bf57e8d2a5b19b8d9ab4dc9f46430dadeadca7a47d2a93ad2b7fb8d553b77e9ab73de7cd4bbe228527b45c143cbb5c18b3069b14366dc2c675d8760db6dd805cbda1e7d7cdf461d76aeddaae0941c01004b021ce5ab02d0d24aeb25b0e8c902855bb4d47513b97b301366e7534d9bc1007090295878a927e1b379d824edc029507202bae0ddbb61b8ed6cd99b2b0043930e22aab750a93d4518c39b1eea49643ab5ca16654064f1f76ae5296c0a631e4c85a942fbc1e4285b0490ba6390d86850a02c8ea204848d87c687231ee24f5ef5d861a5eedfa7974e24424f303c98b97901010036390a52a4465b8a868b7ad1907e62c01a7ed42b914cc905de0b169bc6471f74593e88c9edab68e47e3f604311962acfcda36ff058ee9839e680542cf01d3c5f6701abb13396983b304c1ea5e2519539b245119640a4aec142edd230702e226b1319095410acfbf6a51b36fe326f4f4a182a215a52acae75f050a3bba67a254f5bfdb7215d7deddd15387606a13ee6407213afb22d7620038326062bffb1ebe4d40568711ace904e0d9c1c73b7a6b6c51bde285286d75e21d7afa309a77fc07586788b65e04591df6773b403673a46321b2046046f9fcab3a1bdd1ab40fed71804f5ae0a48d60ed1644db2f7145a6b3961c1c830e4ac8260e74d84d6644db7af5ae39690232583605d145f6c89937194ef887c1a95b4572ae5b99d3b70ea8551b676df606e4e018f991ec9c1790b2351e784dd8a48da2767f91a5a70f438f1ff0c01940e5aa97ce7f6d4abd81b29e781aa6de014ff9fc2b7b40696a53b071c3d3be1a6aa4571b2e3bb20f9cc64542528daced1c123eeee3a4e5722b3978fccf6cbb0edb6ec0266d900a7a2c44367d187aea704100542f792ec20d0b4f2757636741adda80f4e9c78ba25d35ebe0b2590aa1a2633a1c8f2afa5c144cc5ef1b9c896315977261acb52764997ace177bb41e742ea61eaedbdab3212b3baf0364402403222900211946737ae849b6adba0fc26b943667b83534d6790f41a446d7235cbfadf37a490bf1a377387704c0e0f5afeaf968e9d38f434f1f861c1841b4f982d99438b2237b1d508d76dacf5d2485ad4fc234a71d151d37c146a35c1ee8796f539ff4bad8fea0185edd05cc030e2459023d75186a74bd03705481a94fc2b46ab0ad1a388951eed0f80080e4c9fba1a70fc1c62d94cebba20738b65547f3be9bc07113c19acd3d4ca61a3baba7a72818ebc49a9c2545ec772cca3bf3eda559231417a7325738786673843dacd9d11506cb432814b2497ef29acd7d741fe8aa91353deed36c57c27f14d2cd19aba7c72d5b4d368d619b3398f9dac7187ef2811a5e4d6bdefaeb5dcc5186faad5f809e39024e1354af782144d7e66edcfe1f68dcf685a25dbb7ac58b3078cdcbba4eff2998c68c8b118c46e83777b1f9678eb89c49ab061b370063dcd4848efbd9d39c176ded55f9cc0eef858d1b20aba1678eccbae30ab6310dd3aa81d304e1e6f37b0e98f8f13bc1590a1202951dd7f458d9f14fff31d8bba7c9de07106e3ccfb5987b768eb3c4e97d0390dd96b0dd585c526b79d729693c5aae6f734c9cfa62d2544b260b8a9aaaeed1824e3d33da7ee9d24fb8b8252808250949b9df0f9311eb9444a94a63affe39a786e357fdfbff86f4a907619b8e98289f7b45d7c61f47e37b5f729fcbbb91ad3b7af5e6f4f87ee79ab51bb049eb2817273df8a467d3bc6643d2ee71ad72d0e6337982d5bdc9c8f8f1bb9c254edad053877abfabd60e387113c186ed50431d8bd57e78376c631ab63185f28537f47ce7a97fff7b98a983e0a485e89c4b31fc436fee00c703d6b598bbe1bc3d4c5b1a77e6f42c93f7b2c0f3d81b8595399f67cb356f0d98194f7defa3d99e6f7fdc9effe7df27caabc0b933f3d3ce3a69f26a6ab262e9666c2eb72faf7dc9677ef60ccc753140302bbbdd7ef40e571a2203a7aae3c9021b371d93164444a11bff07a9d8e58188465ff12eeab660cdbbbf85f8e1dd85852befb8a66793c58fde0e11955d7d9f7761d459bd31839e3cd4350f877b2ca469cef861539df2a2d916333bf46447dc9d2d54171daf6be305d5cd2643f2e81dc00fbdb973c347d7237ef036d83446f5c26775b956295af77cd3316d598ad2acc367cd1b7e71defb61ea93683f788b270becd107579638a55172ba6a8b7955440bb3cda157cf3130300464c25de752260016ac0021b4cd984e6e11c072bdb8c469586eda740e1c3f0addb34fc12cb2a07ed33f83a2b29bce3c30ecf22003a37e2a43e0350f14919420a9082ae09197fc678a3675b49b937d0fa375ef777c7ec6e53f6607d3e9c13dce856376b11d5b449b76cc220bf6fbb8cc65eed5f09a1e97ae286cf5e0980d1e7de429074c7f42abd10e99606626208208963bc37a5db2d83179a4146c1a23587f36c28de776599def39f62f4b119c750e64756849f720d9f7309adfff324cb356247467b39c366d39c66f99f23cdd631517d88f2b3349ca3e8fb6e5fa37901002e19bffbb9833882b544d7cd6979713383c6b20ad77d9d895c2abb14e1c914d3ced5464a2726732b317b52021bbfa503a19ffeae52fa4ca8eabbb4ed72934bef76f3e0f93144764cfc66d4cbbd3352c0189abe3622694ceb9b497de9e1977c0073b3077c54bf906e62eb19168e3793d8ca169d78bca065919ee210b4c7dc259d55ce2576730cde9023c6a782dd86418bae1477bac4ee3f6afbaf21fab21bb2c61ee92a1ab3b57cf1c819939e262abd64c6171f26edb605d2fb102219d620f68492ed9525c775d4c1fa4b94208e2bcea76a55a9eae0b413d7f3f1589e4bc6c241f93510ca47599f06e57c836a7218756b9d1e651c5c93c95aa80526e13e739229fe4536bb760e8fa57f66cf8faad5f28dc31a27cd0eeac3212931552b94ee28950bee0fadecd5d9bf456c36dfed9c5937aea50d7302c8df205d7161bbff3fc4e9f5270d6d9b35ca829a79693bf8635480f3c5ee488447508d1f64b11acd9d4e5d2de0e8e1b45deac3b9f0400e39ff88342a844444e0acca9fd388b5d88a2f88a8cee6bcf49cb2bf79c38cb36dfefce53d9b232c163c96a06238fef0d98dc4001ebd95d3b27cbc67906e8040f05b20c187663cf339fdf49fd24026b8ef2b9cdcc045475d88d31094bee6496817b8d2c76398fe60c6c7306726835465ef8b6ae003b45f3f6af3aa1421582d278dedbe25a0174a1684aa5010cddf023bde0a88d17d30e600dd4aade2a88f4a9075c72324b20a2728f85c8c902e413bec147b98d7aeaa08fdbe222e969e266c79fa90c61e439afefdccb7603edfb6e72654724e63c14c26d17411fdeeb05f92b6ea24558028470df334b0a8b219cb0640f4d4dd289a4d0325518cc1703bbe7e99c0e27e2939b723cb572f7cb67767cbd9567da8ae9666e9a73b0ba57e9df34a6dc1ca05ce19f1dddcca9af85ab4dc2d42701633078c3ab7a0880e61d5f87ae4df80e4deae47ec0475540cbea88fb4c49136af546ac7eddcff7bc5691dc842fe56786087a8b5029acc0c64da8359bb1e6cdbf7af4f30f3ed9a98bf30440876ca8f9c3a1e4ebef5cdb7376e889de9bde552cdbbaffa642cd34afc14bf63dd8f3fb950bafef9ade578528552047d7223afb62c8c1de89e5c1fa5e4bc869d2554c7bca6adb7cf5ce0aaeaa3eae24d072c63c4677c6a9e7a52ad6407525e85c02f395f307bc7b1f40baff1198fa14066f7c6d4ff00e000357bf6416d59b61e6db9f41fcc86ec05aa4079fe80990c75ef9d3d033e33dae5a0f90a70f77552e1bc4fb1e42655787f51a79c15b61d3b8c7f5e9a5b9f71555d104f4baa7ed9a17780cbb8a5709c9de07e77cadf4e9c7911d7eca69846709285560123053879dc5085c4540f9dc2ba046d7c3d427a146d68282a828f9a1a084f4c063be6d010837f44ed2b64913420dcf598b76bc4b93732f1d294e10dca550cb1286d9e9b6912d039859f19667d66c94936e783ae5f2ba182908e3ac91ec2a475914d82af415d8f57937ec6cd72c58b5c1b75e58b4eefef6d127d23cc0b149cbe94acba010c3c8f63dec33f0b955189cf77398faa473c1f2cd521dee7591da4d67218208a43a428fdc9ae9790f17c7b5103f711764d549048ba8e2c0a214f4c43e34eefc7aaf4559b501a56dbba046d6f65c5ff6f571ce4f123d048a4d5abedde3e4cdf49967bf9d12ddb6e3fa46819020cb24c12cc12cfcac965005b0da74d11e73175013ec093ddc8430dd191e95cfc0f16e87694e2ff9bb244f3de88b2f3317372d76b37486f4a987fc44e8007a623f26fee983476d4ece1234eff9366cbbde455cd4407eea774e91dbb881a9af7c04a6553bfaf9f77e07adfb6fe9ca0f1dec514355a3bd16d6b46a3e7f550205e52297454109e9e1bd3ddfa1fde06d906105aa320c551e822c0f40960620c332848ad0b8e573a8ddfc3937ed7baeeb6032a4fb1f45f2c86e97dc16d2a9a67681845b7548a120208e691ecfec793f30b698fb234110c65954313b7cb60cb006b135811482b539a9e039ae6ebb2dd7bd85dc868d118621e175ef4989480a32b0d6c290f2bc803b2123ed2b89a5d769e6133b85ac35e0b40ddbac43d78e404f3c0d3d7100ba36ee6ab6322fa62e951b55225447afdab7244048c0f80ec87c74491af7aabe84a55e6a3b572c8d5bb049d31592c6ada24c26d8702e44548269d591ed7b08a23480f53ff3bf3a6ed28147113f710f6cb3e66ad71ad3eebd4d0680106c3ca78881923df739fdebf2808be1c2c8b537c72d472818ed366c6510a5ed97b8b681b00cb0816dd5a1a70e414f1ff12dd109202482f5db11acdd0c4e5a9003a3aee29bd977e04eba26c2c654a75dc20bdacb551ba0c6d67bddf012388b01df776493166cabee27345888b08c70f30590954177ddaac3ceaa75f5409dd0862582880660bd90a4a1cebeaaa6ce71335236a494e3ad0fbff7ea7d777d6b6265c53cda92140286990583b5c9ac524ada4c230802e413d8ade89dcfd3a3297c4231148149fa193e91a34f2b439046bb86b2347141b5c8153da9a32813844533175b0b211cb83888c051a5d0dd7693ba03379e23ac145316c00c0e222f201f8164e8809cc5c89e7eac00204985e89ccb7b41df6e4256865d5bb4d7317354af4becda997118a341242007c7dcf78a2a60b6106c21ca55b0971f86354e67ba32e07a9706470b495f32c64d5fd029480a47e14be55ae1da0dc8a13188ea10645871b19354c59c52f8cf64d3769188e5761dfa60ec98367f985054ee8a339cfb0bc009e367318041cf6aaa63260be6ea46ee76d3acef9267df24dbc99058006061110b42836056e664b89c5b37c6809933220a6cc1b98b9e64d7517f9e2085e0687207081195c19521486b9d1bd4aeba93bc8b912af4a0f3c9045e6a8a99bb46a967451357d141ea870d533101a1e4d80f9db90aec5213362ac3b61ba0a409db6ebaccbec940421e5522046b21ab232e405721ac8a602b43de525adf99e9156f942aa61c385a5879e0962122273745423a7057864061c55957b6eefafa56070acb3ece527e68f2909b21541a287a99442151e5ba446d54f6dda08efacf0155e4784a15084f26705872d6c84f7f1061c98fc11ce84c6738ce78a73b7f93036a918a6aff346e5b6b9b699aae3cb9dd809cebf4c4eecf32006cfd83af37a4421902c45683bcdbd6897796d7f524c08ded502128aa80985d076579a0482ee649c8023c7e72400122217baa148a3fbb2739f84d538c2b0922b7c1b586c812701ac39407dde0ad560d464cba0d9e2500d1acb2fcd46da62082b006368c60cb551767f9ea6df7da49312a257f4f37e940bad72e5845ebe7e8443e69597613259861858004394b94c5ae853a77434bd5e22010cac96eb1a7f0492ad8b0e466fda4f975349d49747ed8b1c8c7a8f8d847e8ac48945210742cb59fc270acee5ab7d5396a7422918b8bd0e9c0a47ccc8c4bf8244288b6c9f4a1b8d54e56a4e529e29fcb7f849a3ffc130f95cbe5d500c85a0b165c5888b992a527acb2cfde61900a08237741bd8bc5daddf0d92222f9d48062a2417e1a5a5d80289789a55cb780fc7b900089a0c8f538151b979ca5a80c1b966154588c78b73e2198bb36799582083b7d3ba44a10d1802feeecccfce1b4ed2c86f06e690e78cfceb1d5458581fb7cde15557ee4213304b909086ef488b7a6a20b009eec8094c5b5114280656732793e693b17957371e3d1828a5ccc91cd6703a9cee7c959c51364d0ba87472f52bac300ea524acccccc3c94a6e9ca9b92202c874a489c7bf56b1325042627263ebd76cd9aeb6159082f2061e6fc8e76791872f202b54201ca8dc8601576043898e754a6e948eb7665d18b9aac2e4bd5a514e3a609889e11ea045fcd1d94bb3688b30ad0991f6e053477ff3bb24de7430d8e0132f02e5bc96dee20021b371387f2cfe00370748337b70a7e6c11e5b149f119bb2caa3fa1dddc20e9ac01771d08a20b8cdd7a6ec255f017600c4bc5737bae857f1ec9ae69ddfeda916f45281486fce7ee381f7cccee5afe7d6c2e3ee201345bd32bcf2111530a6006ccd9c4f8f8d795e695071e668610c264daba2f53ab3d0d20656629a524f653054e5acce3592017ecfa1b259d3619cda7be79947c6e2158b4807bd9b54148142aa00c06248394ee51d191be3c284f2e8ab00c6e37c12547030b9f7b7183a6940fb23b207706b55bb26af6759b65bd8b9f8baeffce01218a689a7a5eab4b43803adfafd8f0427a110dee7cb6eed94145cf55fe998eceedcdf91ec719ebccfe3721c47c82190ca006a069ad65333d3da356e27c1e962d1892f2f1ddff9c8d5cf9a65269cf7ddf1ed9b6f1761a59755dcd90d282c1906076ee8055169c6920638461883631c0129201690131abbfc70aeb27b519580158d23d962bd2e15137868ea12be2586f271b9ba3a6535cec01254267bd6074d145294aae4a9aba826711949ceb477e6200cf0154e65e918d39361e759fe40b6d4c9247bfc7ecdf9fa31d3eb7a20b0f009bc57de666d1ff9cbbfb7166c52fceefa01eff83b877ce8ea210ac19d6cb8a4b2920a584f239239b104aa51035b4dc7b6b81aa0c32423c53cd4cbd9c1d4e1ebeebdfbe9f4a5a816e9b10850e81520a09600e1d3af4c1b543a3975ad801928a981939fb06b250beaad6180316e4a55a73ef8ae7a85680af01eb165a5f58fceee45534f0bcae23fc64362a552198011538f70df0333d5d3d187cf05ccc2deb1244ec81c6524feaa5fcde22bf335ffcc08bbe2c2dfc5e34770c933f4f7ab286baaa52ba3b898db1c57f0be10678e51a86cc8c308cd06c36c115404a09304cbbdd3e345a29499b345afb0eecfb1bc47104a0bde2c0f3c86d9f8b0160c7b56f1223c6a4016713f53d0f7c69f5e6b1c7e4f0d8c5b52094b055085620c310990629973ed65a43927056840023013bbb5c9d05c80d814398010405699d170200ad002b6479114015a0a847f6b1571164e759fe3c31db35c2a4e306ae84499f8b836ae999f7a3f3723db7d7872cec35891dc1c480cf0b6a620f1a3fc64f12886cf1c24ab691b2452807a133cd2c44ac064a6aaabeff81eda11d79f2eeef7e9ea69e5e5b25dd5cb16c5b1ecc4108d4eb75353131f17f07c7d6fc4f6b6d09d69214e4a73bc3077d9e76c43367b991f1cefa4048c820ea9cb45e25b418264cb363af394efb536855e795af3dc9a3e04deede827a89016f8584940e3c42b8a4706e75fc7b675986302c030c68ad5b2a520d224a41240e1d3af4d989fdfb07c13c5d1f7f7c65ce24dd7ce55ba94c0c82e18835556d43d79eb8eb5f87872a2f1e1b5bfba23ac930652222825404c90a81054200ecebdf2c015600c697f158ea581ec98060e71d4b2bbce5c97fc1ac14e4f8e9d4f9f05ce9d8aa6ef7a59bdd5b92ab059ceed3e544dde24e6c33f7d2fe32086f7a45112f599f9bf6cca170dda779d6c1b0ab18c9640a8326885546511083b3196acd8c6f96f1c02d377ff12341ed89e112c9c74ff6753a6ef03cb5fb1f0a2587b3af7935a494f6c8f8f834efddfbeb67ad5a775510046b3243d25a8b500690ec84ef0c1be413ef72d3cd739cbe792cd4fbe7f2dcdce34aca2e1857786a79be26bf637183f8cc01c96296675ecb2644e1b5e4bf23a52c2c0ec95c4066f6eb5077cc6dc05c574a2569ab39313250dd70cfaddf7e637ae0401a121dae1d79fccc103d6c0b0d094a57a7591c3cf868a3140dbc6b78cbf63f9e1819387bc628a155059a254a6d82e010247437c104491686e0fc5abf83bc8ebf5747e19e634cd815eaf82d47e1e352d1b40c97e0645dc5e236ce73ec3879013fa04f1024b167d37cb7a905c0caf3a70a92b9a85a0180d8920d426a1b346a529bfa587b725fe9e0a1bf9afceabfddcffbbfd73865b77b394f9fedcf7b334d8e27528f8c46dbae7dd64f9b6d9bde379dca610e22212840a5a95156218c8d0b37cd08577d6da853859d23a5a8be2eaab0738af3d4ba6da7d2d2715c3b65d6874f524c237861cb1393b31e921c051d481ffb747b16ec4bbc28f09f53e63f336d914c472599a4697c50b09e599bc51ffeee2fffe8274ef959b9dc1be3dc4b5e43b5b82586366ee491cb2e7a97dcb0f557a7c2d23aab4b827505420864c2f5e090e7ef0d2c8c31106c1190f07915c7ca10118c0799f618aa64f61483e7d47161dcae1dcb073b2d06d6744f01ec49e452512c9cff9bab45133d255aa4bc7b26942b0bf21627d7f9d336878ba7b4c9c740962c599e08959dd1b5c3bbd70fe8c7caf5c37ff2e5df7ae7c4e9b80e276d7ad6d045afa4d6dad1d2e6abae7f6bb879eb6fea345c233114244902517617cdb085d61ad69b6d0986b09d8c7fbe6773f0182fe8f98c064f6b062b7dd979ad14cd19f308163d791c11285f3fd82b8e99ff2954e0d8599b8391618cc904a943910a6a6cda778e95f067b7feb71b6e3dad5efac9764986af7c25adbde0b2cd1b765ef6913a552eca06aa63333a264312100c41a103092b9065c7aa19866414c48211d6bb782e5692f6544f83a439ff664fb8d0688e750c5db0270cd4e38cd1ec628650f8f601db0193f4648010029177cbb50034a4bbb724a185fbddcc6af7bbd080b69064da915493001f60937c7024c93eb9fb7dafd2a7fb10a153e1cf8bebde4cc1ea8d952dbbaefe2d1e19feb12c14eba04209c16434415b03b0422024020850667c42d416e06141cb069e63f7e969964fefaca225671ee907183cbd6340f29fe782feb2a81210c2b9e84404a95d05811680210503862109e3639f44a70882008164cb99a9b149f64bc66798ed9fedf9c5978caf187ee85406c3e2921f16675f74d9b6ad17edfaecb4c6da8cb88a5265202d9545660999952004902c20ba2a0ad8d7b619a17d92f5f45a1ee92b88b5a01ef0cc5d564a4579113d43c0339f05ca5fcf4214a09152ba8e5ea20e11a4dd7db4921c78bcbbc6e44015b0e1c0c62d4a9b8f974d72cb60283ef4ad5f7ce31d2b8e5c3de539938b5e2930342c365c76d5db379f73f6efb72cc269cb2a2c0f944995296e6b28c8a3c043d4b13c7c5a867877369af23a07a9701b42cc1a86ed32e6981354b420cf055063ead4c52ec739f3b6a8089865c573f0c820eab1384c79aece3d4ff95ab61c3c3abf2a64194016b01997baf57045da0f974df2a9db7ef1b5062b709d72f000c0ba735f4cd32c4ad5756b92cd975ff12b035bb6bd674aaa6add0a25820165d831038201e5fa9efdcd3e5d314fefd657bef12b96d2554074b714e4ffe595834808d8bc17c78f63efd8a11c4a5c546ad329b43cf60407469bae82cf62d82f91ebf025ca4b08c0706c9bc9af90309e45155e7f890140076c26cac61c086cfa99519bfcc5377fe5d5932b9938392de029defc821f962895a538fb9c0d675d7cc9c7aa6b375c99684986a5002004839cf55929e0712bf015e56d9f0957f9102fead44a0810889dcb66fd2622ebcc11fbd94b04a75e6ac915c992b5a0e6cc19019edcf2745b18a11c8b66bd7b96c73eecdd38cec144ae7bd783c732739d880e87b0b757acfd83fb7ee187eec419b04e2b780060f3f6eb445b7319d5613bb673c7d8fa5d17ff931e1ddb758421638a9492550196a02c80b05eb4236c3a2ad3100212103efb6c18c8d8c24a5ad03b3fb1360f5a6098f7aceae1797ea7b053d4a9402610d8188856ed945dfb4ce612619d4fec7a734c418cb84dd2f9764404ad435841ae19300048da224f43082064094613ac75cd92040d6133284a21a544ab3d0821045364528bfa61c9f5470745f297c1f4e14f7fef37de6b7186acd30e1e0058bbed7aaa190a92810a303a565a7dd9e53f36b0edec5fa3cac8da76cb3258aa92189001451042a0991d4618865050b06906a319ca776966ec1ae94e043c8b8f32a725930bf305ea5c48aafb967210a035a87dcaaa4b90e63a04340bee6c0aa18d6ef0a0d0121828c063a52ddc304b0260854c13942c153d38820c02b28069214d530879961142d4b4880f916cfda3b0b53f7df43daf9bc419b6560478f2b57aebd5648d8834c4e0fa0d67cf9c75ed55bf5ddd72cebb0e32cb710ea48e64c9ea006b304c711ca31918c892042b20cbda088c452494975df29b82dd9c23695d4f100024813ec18bb674a0cc699104398112c1904cb0cc9044e0340325ad5376bd0d2d7c8030cd43165442cf3a2a1002740a0f5da16720adaf3f747f8f4148482255210b2192413b73b01ad7bf3426823fffe62fbde63e9ca16b4581a700d1f6e78a56cc03ed72a82a3b2f11675f77dd77ece8baad5369cb0a9455b9214929a5e2122843860c1a4406259003c822e04943b34ce039368b53d841022c3384008475e7bd048193a418d7713ac0337b74bb05f76807e4791a1d398b25acf435687997a71fe64bdacb27b832ac4c2ad62a34a90a6b00f656f5d407a2c6d4671ef8b5b79cd1ad5d2b123cf9da72f6f364bdde5edf1ca8f0e66bae18d870c5ae7fad9507d7b4796d90a6a9105a07524a415220638b2cef406446688048776d56021a5efa203462512a7639d9b9a3dd36382db5fcbd72c18b380679f1c0534218f8fc99280a6f4571bddc9f3ed0cfdba0a5fb7becddb1d05844961c11c20a4c2ee9d996bef951b9aef4286b37653bbe4391f9c735a4ffee6bef7b630dcf80b5a2c103001bb73c9f6ae54836c804583fb6ae72f1e53fb66eeb35ef045009982b4288aa058b1c3cf9963d11f09cc4cbdd010fb36bddf63a70420850ab5d0c013e25960799fb1c2c7a92989afde75101a49470e4273ce5ce4895231a026d10591f1b75814797020821d04a9a3acd5a7bd756c2ddc352fdeeadef7efedd7806ad150f9e7c8d6ebf4a8440d86ab5368d9d7fd9e31b2ebee2add1b64dbf70c8d881431a6bab95b181b21c04b70861e636a91116993448550a230cac74c21ce5ac724284c1092f41b09621a9f37e0a04b4db470dcc3aa96c9b4f01e4ad1fb902118bdcd22840b90a010d2ea8e7483bf05891fac320e70f5d854862acb1d63686ca62efaac0fe7efac4fd9fb8fd8fdffd4ceabe3fb3c093af75dbaf92874d54c1c0681aee3867fbc64b2ffb1f72ed861f6eb76cd5c6a23c208728f00ac5c70b9e93bd989c5b53581e0f1e66866e275d4195ed89b1f2007ea95326e6251565e60f88a3fba6880841a9e405d585efb302aca0a24524cca48f99926ef0b0a33f029b31a6aad5eadfb56b473ef0d4afbc6c06cfd075c681070046765c4acc1c984ca94a698d5977fe4595d5bb2efddff1c8d88bf765184ecae500ac200c415846e8441a419e3130c63877a46b18572ea5158621b4d6a7063cc217993243b1cb8ba4698a5c6793e6b142ccb4605cd6dd12e0249e7a7fae73e6a4ab55408800240488023785a02ba969c916ec5bdeb446c622640521042736b5206da5d20944eb3fd6b07edfadef7dd3fd7886af33123cddabbae5d9a21554149db509ab775d72edf0f917fd4143a91d46d390301484422264863106da26055894523dff9d83ca5aeb8a194fc0ad5b547d863a6a42120e340144019e42b87c5e174e2ced7d66890ce62bf5b582844e9b8010816f23571081823106c65b4603e35592bc62a736502004565a66d65672ac023c9566f5f7d51a073f3ff53b3fc5f80158673c78f235bcf16a29ab03987cf8ebe6faf7feaf37a483c33f3e333a749db6e170a2a5142863c4449052a2863aa494d05ac31803a55421e438cf58f29310f338f0745b1e664692248b5a9edccd2adcb839a469bb7f3efb77526f41a408bc4556be5a5d14d24e41100070cd8a82b8f8bb4d3384186021846e05cdc470ed40c5343e3c323df97fbef7fbef6de307683d63c053eccbb39f473c3a82811d3bc72a17ee7877541e7d8d41b45da05cadc6025a6b64650d29a59b62678cabfcf5a0514a9d74b7ad1b3c1274cc6edb6cf0cc67f96c978e748f22a7977612e44193777276690f386b947384be2d9e0d431b2d4db9c1cc07cd80be23d553bf79e0175fff087e00d7330e3c85255a7f350d8eadc7b60b2e19ae5cb0e3d79a0303af7832b49b8c56a5c0944421fd2a25a494c8b2ccb94f4150c43f0bb95d2774d1c9d77d791148787959668689d32e4dd185c133dfe7c9ffaef3ef213ac59baeab331f49e8fe9eb704e46c5a182a64ed18640d2a4104c906593bce005b1f28879a8579c8a4f5dfbef7fd6ff92a7e80d733163cf9521b5e406afbd962d395575e61ced9f8f346ab6b23ae9c658c29675906210494523d56682901ff7282872c17ff66e2b48baeb6f3443c725ef7acfbef79d533446f1b747ecbf326b44e335aeef6b94e5eb206a4ad0905b2920a12c01e8249ffbcd69cfeab3d1ff84f6dfc80af673c788a2fbaf97ac14fdd625ffeee3fbcf1ee75bbfe6b1445cf67e6b12ccb6421288e85e76176bb5d274a2830330475146572b7cd24a99b31741c966736686856654031e3c6e4a0eb2813f90fe69e6f342a61c40acc88db0d457632b2f46f9393e3bff1c41ffd97c3e8af1f2cf0e44b9eff42b2cf7ddddab51b36bc736464e427b22c5b6f8c51c2a3672984c1725a9e6ef03033749c1c37780aed005f83269473495974e679e6efe550247ac06373f6510aceda7133204c0e47e1533a69fdc6fdef7bf57ff4e1f2030e1e0018da76095586064b6b2e7fd6c6d53b2effc8b8acee6c65e51207e530cb322a29852c6bc350dbb97482607d15a55225c43910d93af7c6cf19ea4865fa007b1eb5662d7390f6b26d860d4c927689ff79fdb3e2992e368a7d7f7a607cb72dcbc2221a9210610496022c9da4adf5eea18571ae29b1ab3e87804d2c04853ed6d3368ee3d6602530a1ae3f3924f45fd79f7ce443777de8d7741f2a7df0f47ef9739f25b17947b8f1dae7fe567564cb7f6a665c8ea268c0a62949c90495c25a0b0d064179d74e9d74f0e4cae644bdc2213998d2c03374da3d3ff09f8da400cb0050013418865c55330b782d0147c5878184895330134ab204b0e2344d33226e974a2593c5f54f84bafefb0ffcc69bf6f521d207cfbc6bf5c64b549bece0e68b7795c6aebae6ef27cba397d7caab466d3620288b4831a14c0c12163135606c824a11680380577f61092b00b02aaa928b6632f4263dad981b3cd61a9f24cd939b7c54b580fb6f372898a5f1b18dafa050548c3c49d9405b2e74d2020394b57b7e2da9b02c85c4a1666d9b1668a691d2f160dabc73b0d97cffb77ef7676fe943a30f9e25adb53baea523ed560563ab4bd135cf79d3e0b997fc92c4e89a1003a1b42091c6303605973294ca0adc6a9f74f0b832183b2709c15c763f0fd84b3be56dd0f9a816810c164c8e30082c20338b526641446cd41a5849b665ea71661a13950a6b89f8ff1c7ee0ee0fd6fefa77fa2e5a1f3cc718079d7711458950592ad60caedf7a70ed25573cbfbce3fcbf9d0c2aeb672c2b25ab145a09dd4e1006cef264d205dbe92cf62db04e772e078f15b3e60f75111373814712f5589aa240342732a477c364e4145745e07fd7826c0641899bf5ea1936cd121a2134222b8460453aa3a47e68846c7dd4265fabed79f0fddffb9bf737fabba00f9e135a9bcf7b364d2628b7a2aac0b6ada5d5975dfdfee14d9bdfa93359e2b6a64828223fa5e16482074057b2d616dd9c4eeb39771b036fe954112309d610943846cd0350b3b42ccbd68a7206a099b66b8f8c5554cd4e8dbfefc1df7bc3edfdbbde07cfb2ae0d675f1499540f2b59a2eaf9974eaeb9f49abf8c37ae7bc3b82d955b181500101983d06a286b013260d20e4cd216a5fc806bbe0bb442e819bb56d04b89172d09c695e774ebee740fb62dca6b22d76d1a66e8b441b344a6bc70ba2faf09b561d62656821329659a5af3749aa6f75f494f7cfea1efeffec47d5ff848ffe6f7c17372d6a66dbb08acd42135a8f4c8ba34bcf4a297addb79e59fb4696c238072640c9d0cf030dbdea90245e573de06ed46a8978c280438d80a24de021a57196e23635b30763a90a809219a8db8fd4fb55aed2f26ffe4add3fdbbdb07cf295be56d57c8925041a95492ab5ff096b7a9d1d177aa509edfb2286921a409426801582b40b9c85fd7b535c6f831e8218c313d8958f200ca5db80e55edab11a8b72ada660a4110a02ddb303681524ebf8e5201a3c15c1ed05aeb9ad6f18120b2e62cdd7804fb1fffefdffbb3f7ededdfc93e784edb5a75ee7562526e8cb07d7be5bc5d3bdf33b476fd7f69a4e958cb72244a210911224b9d22a6f20a9a5aebe2bfe3382efe7b2ef078bfab008fa3ed7a556d4239802ccb904519481864598c800422944c96dafdb10826a49459a9a4827a73fc4f8edcf6cd8ff2e73ed8bfd17df0ac8cb56edba541bb3a4423e75cb066e3aecb7f4f0faff9e1a98c46400392650904576c6aad8511069a18463810a94c2f0c1eccb2345d5a070030addcb8c1d1583ac554106759568b55fbc9b0a4b3926d3657b59b5f9abaf7f63fb9ef537f91f5ef561f3c2bf302ee7c9ec0e0981abee4aaebce3aefa2bf6254b735131b8641b968ae9325094d8cc4c6ae8a7b0ef0005ecb1a4737b7d959b574b55040a91206ea16d0c6842a9802f064acda711065d347f63cf8eee93ff98527fb77a70f9e15bfd66e7b1635dab65ad9b2b575eeb5d7ff76b869d3cfed6db5ab667080caa50134eb31a4911809cb489204edd05710d01c43b3980bb014209af57b654e90a62927a5b2067038d4e6b14db2cab4f7c19fffe6fffe993bfa77a40f9e336e9576be82927652a15dbb86cebdeefa6f99c1812d33d38da05a1ea29228c1d45b504aa115d879c103a018c5311778981991691b296563d2d847c330d491b1fffed877beff7bfcf9df88fb77e1190e9eb3af7b73b11b9eb8f563cf38f456b65dac122e8d9c73e995e1b62bafff5e4d94d71d3282d2a1514144a03485e0f9053c66b745e405a64ed69a6369f4be2af8e975b6f6e0f8fdb7ffc2dd1ffbc3667f2bff0082e7990c223aefb90a43abb1f6d26b5ebf66e7251fae47954aa3d140454ab110788ec2128466e636132699f94845c96462ef9e9f9ef8ffde716f7f0bf7ddb667ec1adc7aa560a9a255ab56d1b673b65fb269ebd97f78dfd0e61d0945154b08b425d290648522a88084104c6c980c6b69926660f5744570b304fb501cb71ba636f389fa7ffcfd371fbbe7b6a47f75fbe0f98158e5ad574919064245654eae78fed9a591b5d78cae5ef5c65265f0022b823031cc999bfcab894d1c90b401670ddb6efe537b6afce3fb3ef85307e886ff4c7cf3dff66f581f3c3fb82bd8b853866128c34a392a0f0c8b7275d004e52ac94005524aa5d3343549da8aebd37acf2dff6afb57ac0f9efe9a63a9b32f2726292c4909a3258cd1fcd49dfdc4661f3cfdd55fcfdc25fa97a0bffaab0f9efeeaaf3e78faabbffae0e9affeea83a7bffaabbffae0e9affeea83a7bffaab0f9efeeaaf3e78faabbffae0e9affeeaaf45d7ff3f00d17492113cde4cbf0000000049454e44ae426082, 1, 'I.V.A.', '16.00', '$');

-- --------------------------------------------------------

--
-- Estructura de tabla para la tabla `tb_departamentos`
--

CREATE TABLE IF NOT EXISTS `tb_departamentos` (
`id` int(11) NOT NULL,
  `departamento` varchar(30) NOT NULL
) ENGINE=InnoDB  DEFAULT CHARSET=latin1 AUTO_INCREMENT=2 ;

--
-- Volcado de datos para la tabla `tb_departamentos`
--

INSERT INTO `tb_departamentos` (`id`, `departamento`) VALUES
(1, 'DEPARTAMENTO 1');

-- --------------------------------------------------------

--
-- Estructura de tabla para la tabla `tb_inventario`
--

CREATE TABLE IF NOT EXISTS `tb_inventario` (
`id` int(11) NOT NULL,
  `codigo` varchar(13) NOT NULL,
  `descripcion` varchar(60) NOT NULL,
  `costo` decimal(10,2) NOT NULL,
  `precio` decimal(10,2) NOT NULL,
  `precioMayoreo` decimal(10,2) NOT NULL,
  `cantidadMayoreo` int(11) NOT NULL,
  `idDepartamento` int(11) NOT NULL,
  `cantidad` float NOT NULL,
  `idTipo` int(11) NOT NULL,
  `idProveedor` int(11) NOT NULL
) ENGINE=InnoDB  DEFAULT CHARSET=latin1 AUTO_INCREMENT=2 ;

--
-- Volcado de datos para la tabla `tb_inventario`
--

INSERT INTO `tb_inventario` (`id`, `codigo`, `descripcion`, `costo`, `precio`, `precioMayoreo`, `cantidadMayoreo`, `idDepartamento`, `cantidad`, `idTipo`, `idProveedor`) VALUES
(1, '7505544219800', 'producto demo', '10.00', '14.00', '12.00', 10, 1, 1020, 1, 1);

-- --------------------------------------------------------

--
-- Estructura de tabla para la tabla `tb_movimientosventas`
--

CREATE TABLE IF NOT EXISTS `tb_movimientosventas` (
`id` int(11) NOT NULL,
  `idVenta` int(11) NOT NULL,
  `idInventario` int(11) NOT NULL,
  `cantidad` decimal(11,3) NOT NULL,
  `costoUnitario` decimal(10,2) NOT NULL DEFAULT '0.00',
  `tipo` tinyint(4) NOT NULL DEFAULT '0'
) ENGINE=InnoDB  DEFAULT CHARSET=latin1 AUTO_INCREMENT=11 ;

--
-- Volcado de datos para la tabla `tb_movimientosventas`
--

INSERT INTO `tb_movimientosventas` (`id`, `idVenta`, `idInventario`, `cantidad`, `costoUnitario`, `tipo`) VALUES
(1, 1, 1, '1.000', '14.00', 0),
(2, 2, 1, '1.000', '14.00', 0),
(6, 3, 1, '3.000', '14.00', 0),
(8, 4, 1, '3.000', '14.00', 0),
(9, 5, 1, '1.000', '14.00', 0),
(10, 0, 1, '10.000', '0.00', 1);

-- --------------------------------------------------------

--
-- Estructura de tabla para la tabla `tb_proveedores`
--

CREATE TABLE IF NOT EXISTS `tb_proveedores` (
`id` int(11) NOT NULL,
  `nombre` varchar(60) NOT NULL,
  `rfc` varchar(15) NOT NULL,
  `telefono` varchar(10) NOT NULL
) ENGINE=InnoDB  DEFAULT CHARSET=latin1 AUTO_INCREMENT=2 ;

--
-- Volcado de datos para la tabla `tb_proveedores`
--

INSERT INTO `tb_proveedores` (`id`, `nombre`, `rfc`, `telefono`) VALUES
(1, 'Proveedor demo', 'GDFKG8786689J', '4234234234');

-- --------------------------------------------------------

--
-- Estructura de tabla para la tabla `tb_roles`
--

CREATE TABLE IF NOT EXISTS `tb_roles` (
`id` int(11) NOT NULL,
  `rol` varchar(15) NOT NULL
) ENGINE=InnoDB  DEFAULT CHARSET=latin1 AUTO_INCREMENT=4 ;

--
-- Volcado de datos para la tabla `tb_roles`
--

INSERT INTO `tb_roles` (`id`, `rol`) VALUES
(1, 'Administrador'),
(2, 'Vendedor'),
(3, 'Reportes');

-- --------------------------------------------------------

--
-- Estructura de tabla para la tabla `tb_tipos`
--

CREATE TABLE IF NOT EXISTS `tb_tipos` (
`id` int(11) NOT NULL,
  `nombreTipo` varchar(10) NOT NULL
) ENGINE=InnoDB  DEFAULT CHARSET=latin1 AUTO_INCREMENT=3 ;

--
-- Volcado de datos para la tabla `tb_tipos`
--

INSERT INTO `tb_tipos` (`id`, `nombreTipo`) VALUES
(1, 'PIEZAS'),
(2, 'PAQUETES');

-- --------------------------------------------------------

--
-- Estructura de tabla para la tabla `tb_usuarios`
--

CREATE TABLE IF NOT EXISTS `tb_usuarios` (
`id` int(11) NOT NULL,
  `nombre` varchar(70) NOT NULL,
  `username` varchar(20) NOT NULL,
  `pass` varchar(20) NOT NULL,
  `idRol` int(11) NOT NULL,
  `direccion` varchar(254) NOT NULL,
  `telefono` varchar(10) NOT NULL
) ENGINE=InnoDB  DEFAULT CHARSET=latin1 AUTO_INCREMENT=4 ;

--
-- Volcado de datos para la tabla `tb_usuarios`
--

INSERT INTO `tb_usuarios` (`id`, `nombre`, `username`, `pass`, `idRol`, `direccion`, `telefono`) VALUES
(1, 'Administrador', 'admin', 'qnWn', 1, '0', '0'),
(2, 'ezquivel', 'ezquivel', 'qnWn', 2, '', ''),
(3, 'Juan Robinson', 'robinson', 'qnWn', 2, '', '');

-- --------------------------------------------------------

--
-- Estructura de tabla para la tabla `tb_ventas`
--

CREATE TABLE IF NOT EXISTS `tb_ventas` (
`id` int(11) NOT NULL,
  `idUsuario` int(11) NOT NULL,
  `Total` decimal(10,2) NOT NULL DEFAULT '0.00',
  `nombreImpuesto` varchar(8) DEFAULT NULL,
  `impuestoPorciento` decimal(4,2) NOT NULL DEFAULT '0.00',
  `Fecha` datetime NOT NULL
) ENGINE=InnoDB  DEFAULT CHARSET=latin1 AUTO_INCREMENT=6 ;

--
-- Volcado de datos para la tabla `tb_ventas`
--

INSERT INTO `tb_ventas` (`id`, `idUsuario`, `Total`, `nombreImpuesto`, `impuestoPorciento`, `Fecha`) VALUES
(1, 2, '14.00', '', '0.00', '2017-06-28 08:11:00'),
(2, 2, '16.24', 'I.V.A.', '16.00', '2017-06-28 08:34:57'),
(3, 2, '48.72', 'I.V.A.', '16.00', '2017-06-28 09:17:01'),
(4, 2, '0.00', NULL, '0.00', '0000-00-00 00:00:00'),
(5, 3, '16.24', 'I.V.A.', '16.00', '2017-06-28 10:06:41');

--
-- Índices para tablas volcadas
--

--
-- Indices de la tabla `tb_clientes`
--
ALTER TABLE `tb_clientes`
 ADD PRIMARY KEY (`id`);

--
-- Indices de la tabla `tb_config`
--
ALTER TABLE `tb_config`
 ADD PRIMARY KEY (`id`), ADD KEY `id` (`id`);

--
-- Indices de la tabla `tb_departamentos`
--
ALTER TABLE `tb_departamentos`
 ADD PRIMARY KEY (`id`), ADD UNIQUE KEY `departamento` (`departamento`);

--
-- Indices de la tabla `tb_inventario`
--
ALTER TABLE `tb_inventario`
 ADD PRIMARY KEY (`id`), ADD UNIQUE KEY `codigo` (`codigo`);

--
-- Indices de la tabla `tb_movimientosventas`
--
ALTER TABLE `tb_movimientosventas`
 ADD PRIMARY KEY (`id`);

--
-- Indices de la tabla `tb_proveedores`
--
ALTER TABLE `tb_proveedores`
 ADD PRIMARY KEY (`id`);

--
-- Indices de la tabla `tb_roles`
--
ALTER TABLE `tb_roles`
 ADD PRIMARY KEY (`id`);

--
-- Indices de la tabla `tb_tipos`
--
ALTER TABLE `tb_tipos`
 ADD PRIMARY KEY (`id`);

--
-- Indices de la tabla `tb_usuarios`
--
ALTER TABLE `tb_usuarios`
 ADD PRIMARY KEY (`id`), ADD UNIQUE KEY `username` (`username`);

--
-- Indices de la tabla `tb_ventas`
--
ALTER TABLE `tb_ventas`
 ADD PRIMARY KEY (`id`);

--
-- AUTO_INCREMENT de las tablas volcadas
--

--
-- AUTO_INCREMENT de la tabla `tb_clientes`
--
ALTER TABLE `tb_clientes`
MODIFY `id` int(11) NOT NULL AUTO_INCREMENT,AUTO_INCREMENT=2;
--
-- AUTO_INCREMENT de la tabla `tb_config`
--
ALTER TABLE `tb_config`
MODIFY `id` int(11) NOT NULL AUTO_INCREMENT,AUTO_INCREMENT=2;
--
-- AUTO_INCREMENT de la tabla `tb_departamentos`
--
ALTER TABLE `tb_departamentos`
MODIFY `id` int(11) NOT NULL AUTO_INCREMENT,AUTO_INCREMENT=2;
--
-- AUTO_INCREMENT de la tabla `tb_inventario`
--
ALTER TABLE `tb_inventario`
MODIFY `id` int(11) NOT NULL AUTO_INCREMENT,AUTO_INCREMENT=2;
--
-- AUTO_INCREMENT de la tabla `tb_movimientosventas`
--
ALTER TABLE `tb_movimientosventas`
MODIFY `id` int(11) NOT NULL AUTO_INCREMENT,AUTO_INCREMENT=11;
--
-- AUTO_INCREMENT de la tabla `tb_proveedores`
--
ALTER TABLE `tb_proveedores`
MODIFY `id` int(11) NOT NULL AUTO_INCREMENT,AUTO_INCREMENT=2;
--
-- AUTO_INCREMENT de la tabla `tb_roles`
--
ALTER TABLE `tb_roles`
MODIFY `id` int(11) NOT NULL AUTO_INCREMENT,AUTO_INCREMENT=4;
--
-- AUTO_INCREMENT de la tabla `tb_tipos`
--
ALTER TABLE `tb_tipos`
MODIFY `id` int(11) NOT NULL AUTO_INCREMENT,AUTO_INCREMENT=3;
--
-- AUTO_INCREMENT de la tabla `tb_usuarios`
--
ALTER TABLE `tb_usuarios`
MODIFY `id` int(11) NOT NULL AUTO_INCREMENT,AUTO_INCREMENT=4;
--
-- AUTO_INCREMENT de la tabla `tb_ventas`
--
ALTER TABLE `tb_ventas`
MODIFY `id` int(11) NOT NULL AUTO_INCREMENT,AUTO_INCREMENT=6;
/*!40101 SET CHARACTER_SET_CLIENT=@OLD_CHARACTER_SET_CLIENT */;
/*!40101 SET CHARACTER_SET_RESULTS=@OLD_CHARACTER_SET_RESULTS */;
/*!40101 SET COLLATION_CONNECTION=@OLD_COLLATION_CONNECTION */;
